names,lStriatum,lGloPal,lTha,lAntCerebLI_II,lAntCerebLIII,lAntCerebLIV,lAntCerebLV,lSupPostCerebLVI,lSupPostCerebCI,lSupPostCerebCII,lSupPostCerebLVIIB,lInfPostCerebLVIIIA,lInfPostCerebLVIIIB,lInfPostCerebLIX,lInfPostCerebLX,lAntCerebWM,lAmy,lHCA1,lSub,lFor,lCA4,lCA2_3,lStratum,lFimbra,lMamBody,lAlveus,rStriatum,rGloPal,rTha,rAntCerebLI_II,rAntCerebLIII,rAntCerebLIV,rAntCerebLV,rSupPostCerebLVI,rSupPostCerebCI,rSupPostCerebCII,rSupPostCerebLVIIB,rInfPostCerebLVIIIA,rInfPostCerebLVIIIB,rInfPostCerebLIX,rInfPostCerebLX,rAntCerebWM,rAmy,rHCA1,rSub,rFor,rCA4,rCA2_3,rStratum,rFimbra,rMamBody,rAlveus
brand_10_T1,10.3333,0.3171,5.5568,0.0597,0.6522,1.6201,3.683,7.9306,12.3072,7.672,4.4108,5.2996,3.2015,2.7987,0.5713,0.6939,1.3544,0.8591,0.2673,0.1425,0.7283,0.1243,0.5531,0.0562,0.0192,0.3616,10.1385,0.2607,5.499,0.0878,0.7267,1.5024,3.6825,8.5288,12.1337,7.9495,4.4005,4.2363,3.1357,2.8721,0.5549,0.7244,1.3229,0.8894,0.2677,0.1128,0.6726,0.1566,0.5104,0.0617,0.0244,0.3278
brand_11_T1,9.0695,0.296,5.5942,0.057,0.5408,1.6259,3.7827,7.5155,11.4934,7.7677,4.5128,5.5373,2.85,2.5253,0.5442,0.5307,1.3961,0.8277,0.2653,0.161,0.7241,0.1377,0.561,0.0462,0.021,0.3762,9.1647,0.2885,5.4339,0.0869,0.6699,1.4486,3.6795,8.3315,10.9719,7.8252,4.8741,4.6703,2.9595,2.6251,0.6199,0.6449,1.3529,0.8526,0.2771,0.1624,0.6641,0.1479,0.4999,0.0535,0.0216,0.3233
brand_12_T1,11.2605,0.3296,5.7268,0.0591,0.7605,1.961,4.0424,8.2216,13.3613,7.9766,4.3374,5.5649,3.0945,2.7715,0.4916,0.6246,1.5016,0.8839,0.3001,0.1208,0.7665,0.1264,0.5788,0.0547,0.0241,0.393,11.3915,0.392,5.9805,0.0958,0.7924,1.5484,3.8711,9.114,13.482,8.439,4.7695,4.5154,3.2227,2.9027,0.613,0.68,1.4863,0.9857,0.2927,0.1677,0.7725,0.174,0.5996,0.0784,0.0215,0.3756
brand_15_T1,10.2749,0.2637,5.924,0.0533,0.684,1.7987,4.0424,7.7558,11.519,7.478,4.1779,5.4641,3.1691,3.4457,0.5091,0.7155,1.3969,0.8404,0.2871,0.1729,0.6947,0.1026,0.5259,0.046,0.019,0.3195,10.4937,0.3092,6.1572,0.0791,0.8,1.5628,3.7541,8.2932,11.6566,8.0175,4.4091,4.2487,3.0393,3.3363,0.5607,0.796,1.389,0.8689,0.2974,0.1883,0.6669,0.1543,0.5047,0.0519,0.0212,0.3167
brand_17_T1,11.0074,0.4374,5.7963,0.0506,0.614,1.932,3.9864,7.8673,11.3068,7.0578,4.2061,5.6813,3.4157,3.4434,0.5822,0.7224,1.4219,0.8276,0.2885,0.162,0.7186,0.1283,0.541,0.0486,0.0241,0.3652,10.8065,0.4804,5.9828,0.0786,0.8189,1.6283,3.931,8.4819,11.2806,8.0863,4.41,4.265,3.2307,3.155,0.5945,0.8219,1.4218,0.8723,0.2677,0.1689,0.7183,0.1575,0.5279,0.08,0.0331,0.3291
brand_18_T1,8.7048,0.3619,5.3184,0.0321,0.5217,1.4732,3.334,7.1853,10.3858,6.3554,3.5536,4.3636,2.3922,2.3111,0.4288,0.5625,1.2616,0.7664,0.2613,0.1477,0.6735,0.119,0.484,0.0504,0.0227,0.3378,8.8075,0.3523,5.5707,0.0588,0.6195,1.2657,3.3213,7.8559,10.7627,7.0328,3.8127,3.2815,2.2804,2.2609,0.4439,0.6463,1.2397,0.8454,0.2464,0.177,0.66,0.1557,0.4782,0.0637,0.0259,0.3037
brand_19_T1,8.9945,0.4648,5.5586,0.0542,0.6507,1.8322,4.025,7.9123,12.4435,8.789,4.7541,5.8777,3.1569,3.2509,0.5355,0.7636,1.3328,0.7589,0.277,0.1787,0.6691,0.113,0.4766,0.0727,0.022,0.3542,8.8445,0.3849,5.5275,0.0917,0.6605,1.597,4.0313,9.253,12.4314,8.9868,5.3374,4.7308,3.127,3.269,0.5436,0.8065,1.2355,0.7877,0.2523,0.1907,0.6142,0.1232,0.4491,0.068,0.0252,0.2587
brand_20_T1,9.6836,0.4207,5.085,0.0604,0.6062,1.7868,3.6805,8.2443,12.8294,8.2037,4.4988,5.9449,3.2787,2.7598,0.5927,0.6282,1.3217,0.7792,0.2658,0.1496,0.7033,0.1182,0.5087,0.0587,0.0225,0.3511,9.7013,0.3773,5.2048,0.0838,0.7645,1.5161,3.6079,9.075,13.5547,9.2413,4.9553,4.5807,3.2483,2.8008,0.6171,0.7441,1.225,0.8105,0.2519,0.1555,0.6515,0.157,0.4454,0.0787,0.0162,0.3048
brand_21_T1,9.7905,0.2606,5.5117,0.0451,0.5345,1.559,3.6229,7.7569,12.4276,7.7034,4.0191,5.0155,2.7033,2.8031,0.4096,0.7035,1.4814,0.9113,0.321,0.1998,0.8,0.154,0.5791,0.0802,0.0251,0.392,9.8212,0.2518,5.2142,0.0561,0.607,1.3107,3.527,8.854,11.7881,7.478,4.5016,4.1435,2.8759,2.6729,0.4265,0.6696,1.4718,0.9712,0.2963,0.2188,0.7667,0.1696,0.565,0.0587,0.0274,0.3597
brand_22_T1,9.9797,0.3251,5.1245,0.0671,0.7179,2.0357,4.189,7.9286,11.4303,7.826,4.2314,5.4324,3.1845,2.8195,0.5654,0.6946,1.4215,0.7919,0.2754,0.1285,0.7237,0.1352,0.5594,0.0603,0.0243,0.4085,9.8891,0.331,5.3074,0.0952,0.89,1.6073,3.7678,9.0408,11.7058,8.1791,4.6798,4.4178,3.2532,2.9743,0.5893,0.6985,1.3001,0.8801,0.26,0.2003,0.7438,0.1747,0.5317,0.0843,0.0281,0.3394
brand_23_T1,10.2412,0.5262,5.1485,0.057,0.5816,1.6421,3.3102,6.5764,10.4995,7.4819,3.9154,4.8154,2.7164,2.8239,0.537,0.5457,1.2725,0.719,0.2566,0.1658,0.5798,0.097,0.4847,0.0426,0.0296,0.329,10.28,0.5545,5.1409,0.071,0.634,1.4209,3.3188,7.2033,10.5597,7.6753,4.1424,3.8617,2.7207,2.6703,0.5398,0.5784,1.2151,0.6256,0.2586,0.1794,0.527,0.114,0.4142,0.0388,0.0281,0.2481
brand_24_T1,9.2185,0.2571,5.2403,0.0528,0.6063,1.6475,3.3358,6.7632,11.4515,7.2587,4.0246,5.1291,2.8043,2.7587,0.3774,0.5923,1.2178,0.8199,0.2571,0.1421,0.7045,0.1437,0.5535,0.0828,0.0121,0.3501,9.3141,0.2983,5.5515,0.0728,0.6969,1.4226,3.2258,7.4273,11.2719,7.0013,3.9843,3.718,2.8503,2.7386,0.4441,0.6801,1.2546,0.8642,0.266,0.1908,0.6881,0.1616,0.5012,0.0726,0.0236,0.3003
brand_25_T1,9.9497,0.345,5.3481,0.0441,0.5779,1.5922,3.5095,7.4603,12.2509,7.5288,3.9785,5.0338,2.8688,2.9634,0.5002,0.6381,1.2872,0.7194,0.2771,0.1273,0.6162,0.0923,0.4673,0.0375,0.0184,0.313,10.0428,0.4131,5.5625,0.0696,0.6182,1.5365,3.6431,8.8128,12.5633,7.7893,4.2341,3.7794,2.7579,2.7424,0.4936,0.6154,1.2639,0.8161,0.2589,0.1835,0.6588,0.137,0.4871,0.0464,0.0165,0.3052
brand_28_T1,11.108,0.3718,6.0091,0.0601,0.8319,2.232,4.8101,9.413,14.1611,8.827,4.8764,6.2872,3.6644,3.1823,0.5341,0.756,1.5533,0.8677,0.3182,0.1271,0.7707,0.1321,0.6238,0.0572,0.0271,0.3716,11.0513,0.3598,6.1757,0.113,0.9241,2.1141,4.6776,10.2765,13.9131,9.8203,5.2846,4.4573,3.0766,3.0135,0.5997,0.8267,1.5407,0.8907,0.3088,0.1724,0.738,0.167,0.5494,0.072,0.0322,0.34
brand_2_T1,8.4284,0.4078,5.7859,0.0663,0.7303,2.1674,4.3394,8.2224,12.7602,8.8127,4.7959,5.9296,3.441,3.465,0.5964,0.6499,1.3731,0.7912,0.3023,0.1436,0.6707,0.088,0.5271,0.04,0.0233,0.335,8.5214,0.3825,5.7003,0.0936,0.836,1.8429,4.4821,9.1958,12.9556,9.1955,5.3059,4.6916,3.4591,3.4022,0.5946,0.7774,1.3067,0.8838,0.2932,0.1386,0.6971,0.1607,0.5389,0.0486,0.029,0.3473
brand_4_T1,10.1016,0.2219,5.1088,0.0664,0.6918,1.8518,3.8817,7.4081,11.3083,7.7828,4.3015,5.7893,3.4069,2.8737,0.4289,0.7317,1.3964,0.8102,0.3029,0.1469,0.7052,0.112,0.536,0.045,0.0276,0.3477,10.1231,0.2668,5.2946,0.0975,0.7647,1.6011,3.6087,8.473,10.1616,7.9357,4.3087,4.1989,3.1161,2.6448,0.4198,0.8162,1.2994,0.8637,0.2728,0.1722,0.6689,0.1422,0.5099,0.0552,0.0213,0.3007
brand_6_T1,9.3759,0.2362,4.9078,0.0754,0.7376,1.8595,4.0871,8.7704,12.7175,7.1798,4.2087,5.5419,2.8981,2.3433,0.5402,0.6589,1.4416,0.6696,0.2758,0.1597,0.5969,0.1056,0.4516,0.0647,0.0188,0.3017,9.4975,0.2429,4.7969,0.1016,0.7789,1.663,3.8668,9.1991,12.75,8.4039,4.8072,4.0299,2.7057,2.3447,0.5032,0.8295,1.3466,0.7863,0.2335,0.2287,0.62,0.1545,0.4621,0.0507,0.0238,0.3023
brand_7_T1,9.745,0.4443,5.8467,0.0621,0.6315,1.7743,3.8947,7.492,10.3574,6.2894,3.5287,4.9402,3.0072,2.6404,0.5001,0.6787,1.2951,0.8765,0.3005,0.1942,0.749,0.148,0.5776,0.0737,0.0269,0.3611,9.7768,0.5396,6.0667,0.0899,0.7287,1.4638,3.6577,8.1435,10.4386,7.1294,3.6802,3.6719,2.8092,2.3885,0.5074,0.7384,1.3206,0.9084,0.3243,0.1996,0.7403,0.1697,0.5351,0.0603,0.0289,0.3006
brand_9_T1,8.3854,0.4089,4.2581,0.0495,0.6697,1.5322,3.1711,6.5811,9.6363,5.5435,3.2959,4.3183,2.5379,2.4973,0.5,0.5989,1.1897,0.711,0.2561,0.1223,0.6374,0.1103,0.4751,0.068,0.0246,0.3304,8.4587,0.36,4.3505,0.0853,0.735,1.3222,3.1643,7.4456,9.6078,5.6675,3.3958,3.275,2.5548,2.4915,0.4787,0.7021,1.1759,0.8416,0.262,0.1637,0.6592,0.1518,0.4582,0.0703,0.0259,0.2832
dmk_101_T1,9.1804,0.3637,4.8533,0.0569,0.5738,1.7237,3.2589,6.806,11.5561,7.5178,3.6906,4.5736,2.5215,2.6254,0.4667,0.6045,1.1639,0.7622,0.2542,0.1167,0.6458,0.1181,0.4909,0.0478,0.0246,0.3168,9.3441,0.3809,5.2371,0.0804,0.705,1.4494,3.3822,7.9099,11.9134,7.5088,4.0551,3.7219,2.521,2.4823,0.5513,0.7354,1.2189,0.7737,0.268,0.1365,0.6124,0.1292,0.4384,0.0461,0.0277,0.2834
dmk_102_T1,9.2277,0.2476,4.7674,0.0562,0.596,1.7096,3.6371,7.787,12.4934,7.6042,4.6921,5.5768,2.905,2.7742,0.5184,0.7642,1.2488,0.703,0.3103,0.1221,0.6269,0.0928,0.4632,0.0339,0.0237,0.3058,9.4896,0.2808,4.8027,0.0915,0.679,1.5092,3.4972,8.0147,12.1338,8.5583,4.9945,4.2749,2.7487,2.7689,0.5778,0.8162,1.2685,0.8197,0.2667,0.1585,0.6492,0.1323,0.4735,0.049,0.028,0.278
dmk_103_T1,9.0182,0.4559,5.5201,0.0684,0.5583,1.5525,3.4064,6.4069,10.9309,6.9312,3.8228,4.9545,3.0116,2.5379,0.4827,0.5863,1.2558,0.7102,0.2841,0.1373,0.6572,0.1038,0.502,0.0398,0.0246,0.3389,9.0721,0.4988,5.5928,0.0839,0.5914,1.2935,3.2694,7.5841,10.9574,7.6215,4.4376,4.0243,2.638,2.045,0.5229,0.6322,1.2458,0.8467,0.2603,0.1729,0.6813,0.158,0.4674,0.0561,0.0226,0.2978
dmk_104_T1,9.9888,0.3602,5.4952,0.0526,0.5984,1.7001,3.0915,6.4009,9.6238,5.628,3.3275,4.7211,2.5416,2.1803,0.5008,0.5644,1.2275,0.7983,0.2849,0.1603,0.713,0.1213,0.5334,0.0536,0.0324,0.3527,10.1313,0.3442,5.7079,0.0844,0.7052,1.5092,3.0302,6.8354,9.364,6.5672,3.3941,3.2469,2.3763,2.0018,0.47,0.6092,1.2655,0.9001,0.2964,0.1512,0.7332,0.187,0.4999,0.0572,0.0157,0.3075
dmk_105_T1,8.836,0.334,4.7345,0.0403,0.4728,1.3249,2.9153,6.5844,9.5613,5.5805,3.4897,4.6444,2.469,1.9188,0.3244,0.6174,1.1909,0.6695,0.2469,0.2006,0.5797,0.092,0.4406,0.0625,0.0236,0.3047,8.9538,0.3426,4.7677,0.0693,0.607,1.056,3.0801,7.3394,9.2682,5.6098,3.7486,3.3488,2.262,1.88,0.4692,0.7951,1.2104,0.7386,0.2492,0.2274,0.5649,0.131,0.4076,0.073,0.0258,0.2678
dmk_106_T1,10.5598,0.2712,4.9888,0.0441,0.6146,1.6027,3.4436,6.8984,10.3689,7.2644,4.082,5.1887,2.9982,2.419,0.4899,0.6783,1.4236,0.768,0.3138,0.1329,0.7063,0.1147,0.5223,0.0594,0.0256,0.374,10.8795,0.3012,5.0477,0.0808,0.708,1.378,3.2557,7.4905,11.027,7.657,4.5712,4.0089,2.6335,2.4469,0.4587,0.7211,1.4138,0.9274,0.3045,0.2036,0.7349,0.1651,0.5068,0.0706,0.0226,0.3222
dmk_107_T1,9.5852,0.2957,5.679,0.0561,0.6387,1.7203,3.7774,7.5981,13.4495,7.9389,3.8661,5.5399,3.2499,2.9929,0.4977,0.8254,1.2257,0.7776,0.2712,0.1635,0.6806,0.1395,0.5298,0.0444,0.0216,0.3565,10.0857,0.3713,5.6352,0.0894,0.7194,1.5667,3.7199,8.2329,12.0087,8.0178,4.1544,3.9357,2.9454,2.5405,0.5395,0.8666,1.3504,0.9075,0.2579,0.2103,0.7086,0.1638,0.5225,0.055,0.0274,0.3304
dmk_108_T1,9.6734,0.3989,4.9179,0.0451,0.6153,1.6255,3.2528,6.9995,11.699,6.884,3.6773,4.5816,2.7765,2.5077,0.4171,0.5565,1.2158,0.7378,0.2602,0.1592,0.6648,0.1254,0.5126,0.061,0.0248,0.3362,9.6555,0.3197,4.7873,0.063,0.6861,1.3511,3.1871,7.1027,10.9955,7.2305,3.8466,3.6712,2.703,2.401,0.4701,0.6524,1.1745,0.8022,0.2605,0.1778,0.6563,0.1532,0.4687,0.0546,0.0259,0.3042
dmk_109_T1,8.5919,0.3679,4.9407,0.0374,0.5298,1.6721,3.5432,6.8812,11.371,6.2514,3.2484,4.3224,2.8311,2.5435,0.5292,0.6809,1.1881,0.771,0.2726,0.1361,0.6312,0.1096,0.5336,0.0514,0.0254,0.3118,8.6458,0.3277,5.192,0.0611,0.687,1.4883,3.1356,7.2583,10.7082,6.5883,3.5708,3.699,2.8546,2.6498,0.509,0.757,1.1838,0.8136,0.2899,0.1951,0.6773,0.1486,0.4976,0.0629,0.0306,0.2882
dmk_110_T1,10.1803,0.4122,6.1121,0.068,0.7315,1.8963,3.8138,7.6131,13.1874,8.0645,4.1894,5.7518,3.5914,3.3504,0.5713,0.6563,1.3287,0.817,0.3311,0.1691,0.6826,0.109,0.5541,0.0503,0.0078,0.3161,10.4933,0.385,6.1911,0.1032,0.7743,1.6525,3.9222,8.7969,13.0718,8.5428,4.9257,4.7662,3.7066,3.2317,0.5873,0.7853,1.4132,0.8702,0.2884,0.2038,0.7213,0.1669,0.5392,0.0579,0.0098,0.3308
dmk_111_T1,9.4612,0.3562,5.1159,0.0489,0.5826,1.6674,3.4157,6.7488,11.1473,6.2255,3.142,4.2175,2.4377,2.1514,0.4349,0.5001,1.301,0.8013,0.276,0.1924,0.7225,0.1471,0.5417,0.0679,0.0206,0.3665,9.6098,0.3542,5.2905,0.0647,0.6589,1.4695,3.0602,7.3907,11.2956,6.9023,3.5535,3.2697,2.3345,1.9322,0.4837,0.5776,1.2316,0.9092,0.271,0.1664,0.7236,0.1675,0.5181,0.07,0.0293,0.2966
dmk_112_T1,11.2078,0.4582,5.8319,0.0672,0.7022,2.1667,4.408,8.6216,13.0662,8.2162,5.3965,7.0681,3.3124,2.8574,0.5213,0.8374,1.3313,0.8374,0.3145,0.2271,0.7559,0.1315,0.5596,0.0722,0.0242,0.3535,11.0643,0.4345,5.8475,0.0878,0.8254,1.7212,4.2883,9.7804,12.9256,9.0968,5.5365,5.4963,2.9893,2.6796,0.5876,0.8812,1.419,0.9187,0.2994,0.2442,0.7272,0.1772,0.5465,0.068,0.0173,0.3229
dmk_113_T1,11.16,0.5657,5.6124,0.0545,0.6842,2.0554,3.878,7.9217,12.8365,8.0512,4.0707,5.406,2.8487,3.0501,0.5431,0.8675,1.5335,0.8162,0.3143,0.0996,0.7044,0.1203,0.5767,0.0469,0.0284,0.3467,11.2276,0.5931,5.6098,0.0923,0.8068,1.7207,4.1053,9.2482,13.4471,8.2801,4.6866,4.2687,2.912,2.753,0.5828,0.8769,1.5032,0.8721,0.3122,0.1329,0.6825,0.1715,0.5282,0.0569,0.0301,0.3001
dmk_114_T1,10.351,0.3025,5.9237,0.0526,0.5977,1.6822,3.5649,7.0579,11.7501,7.5105,3.8463,5.0819,2.6456,2.5998,0.4887,0.62,1.3907,0.8916,0.3171,0.2186,0.7999,0.1227,0.6111,0.0666,0.0302,0.3799,10.4877,0.3428,5.9334,0.0799,0.5953,1.3718,3.3602,7.5724,12.404,8.3517,4.2991,4.0691,2.6476,2.4203,0.4448,0.6324,1.4237,0.886,0.2824,0.239,0.7211,0.165,0.551,0.0657,0.0347,0.3348
dmk_115_T1,10.8548,0.3142,5.9972,0.0525,0.5936,1.741,3.3311,7.8597,12.2932,7.4541,4.1402,5.4455,3.3318,3.4206,0.4834,0.8604,1.4605,0.8801,0.2983,0.1783,0.7096,0.1346,0.5513,0.0432,0.022,0.3782,10.9427,0.3577,6.1863,0.1013,0.8143,1.5156,3.316,7.8993,12.2488,7.5411,4.4389,4.4445,3.3522,3.2307,0.4925,0.9444,1.3919,0.9382,0.29,0.2155,0.721,0.1697,0.5279,0.0672,0.0273,0.3393
dmk_116_T1,10.5829,0.2558,5.7287,0.0507,0.6092,1.5805,3.4501,7.1036,12.6431,7.3423,3.8515,4.8811,3.0427,3.1213,0.5067,0.6962,1.5094,0.828,0.2997,0.2128,0.7341,0.1189,0.574,0.0727,0.0288,0.3549,10.7061,0.3535,5.8746,0.0685,0.6717,1.3785,3.4416,7.8194,12.272,7.6236,4.0566,3.553,2.8405,2.6651,0.4896,0.8114,1.2841,0.8376,0.3645,0.1688,0.5982,0.123,0.4655,0.0608,0.0325,0.2875
dmk_118_T1,9.7808,0.2237,4.7002,0.0579,0.6712,1.725,3.5003,7.0741,11.0179,7.3357,4.0769,5.1295,2.6759,2.684,0.5149,0.594,1.4229,0.8171,0.2957,0.116,0.7429,0.1495,0.5824,0.0529,0.0187,0.3753,10.0617,0.3125,4.7731,0.0769,0.7709,1.6091,3.235,7.7401,10.952,7.7663,4.0858,3.6178,2.5828,2.4257,0.526,0.7307,1.4179,0.864,0.2793,0.1809,0.7196,0.1687,0.5554,0.0546,0.0167,0.3403
dmk_119_T1,10.5829,0.2558,5.7287,0.0507,0.6092,1.5805,3.4501,7.1036,12.6431,7.3423,3.8515,4.8811,3.0427,3.1213,0.5067,0.6962,1.5094,0.828,0.2997,0.2128,0.7341,0.1189,0.574,0.0727,0.0288,0.3549,10.7061,0.3535,5.8746,0.0685,0.6717,1.3785,3.4416,7.8194,12.272,7.6236,4.0566,3.553,2.8405,2.6651,0.4896,0.8114,1.2841,0.8376,0.3645,0.1688,0.5982,0.123,0.4655,0.0608,0.0325,0.2875
dmk_120_T1,10.9225,0.3933,5.9367,0.0467,0.5604,1.8138,3.9073,7.889,12.6168,7.7413,4.5116,6.0918,3.5112,3.293,0.519,0.7364,1.4696,0.7453,0.3311,0.2038,0.6347,0.0757,0.5156,0.0481,0.0253,0.3066,11.2566,0.3677,5.8294,0.0734,0.7161,1.6552,3.6639,8.3829,12.2985,8.8936,5.1236,4.4807,3.2551,3.1046,0.5329,0.7851,1.4212,0.8092,0.2911,0.1738,0.666,0.1419,0.5111,0.0467,0.0295,0.2974
dmk_122_T1,9.6993,0.2941,5.8048,0.066,0.6357,1.9336,3.9565,8.0419,12.3527,7.5263,3.9126,5.0326,2.6607,2.2031,0.5567,0.6729,1.3383,0.8238,0.2862,0.1841,0.7355,0.1248,0.5711,0.0733,0.0288,0.3681,9.7291,0.3059,5.8726,0.1001,0.7099,1.8219,3.8768,8.6286,12.0003,7.3803,4.166,3.8601,2.6468,2.2181,0.6368,0.7165,1.3552,0.883,0.2757,0.2217,0.685,0.1691,0.5192,0.0802,0.0303,0.3318
dmk_123_T1,9.979,0.2945,5.7981,0.041,0.6018,1.4935,3.4326,6.9735,11.5876,8.5362,4.4729,5.2755,3.12,3.3125,0.586,0.6473,1.3949,0.9628,0.3104,0.1425,0.8512,0.151,0.6258,0.0917,0.0243,0.4291,9.9378,0.2938,5.7164,0.0644,0.6371,1.3856,3.4689,7.5427,12.0147,8.2319,4.9268,4.6666,3.1788,2.9457,0.6295,0.6248,1.3121,1.028,0.3008,0.1674,0.8133,0.2273,0.5779,0.0932,0.0217,0.3731
dmk_125_T1,10.5017,0.3325,5.0816,0.0516,0.6035,1.6431,3.6399,7.5603,11.7565,6.6688,3.8185,5.1272,2.8626,2.8169,0.5668,0.6097,1.2714,0.9504,0.2896,0.1811,0.8267,0.1442,0.6005,0.0903,0.0261,0.4187,10.6662,0.3742,4.8927,0.0584,0.704,1.4753,3.5371,8.2537,11.7898,7.6007,4.663,3.7576,2.5503,2.7306,0.5157,0.613,1.2581,0.9385,0.3134,0.1705,0.7716,0.1807,0.5416,0.0645,0.0342,0.3486
dmk_126_T1,9.1822,0.3018,5.9941,0.0543,0.6828,1.7845,3.8899,8.3247,12.5661,7.7599,3.9672,5.2882,3.1329,2.8896,0.5032,0.8503,1.4216,0.8343,0.3311,0.2174,0.7617,0.1314,0.6135,0.0631,0.0249,0.36,9.5167,0.2994,5.9464,0.078,0.8526,1.6348,3.8689,9.4729,12.8496,8.4071,4.2755,3.9586,3.2265,2.8166,0.5309,0.8922,1.4817,0.9844,0.3444,0.2088,0.7998,0.1812,0.6308,0.0752,0.0246,0.3889
dmk_127_T1,9.5765,0.3736,5.3866,0.0379,0.5892,1.7206,3.341,6.7523,10.3245,6.5262,3.3097,4.1325,2.5957,2.8813,0.4649,0.6779,1.1957,0.6608,0.2915,0.2014,0.5563,0.0844,0.4162,0.0526,0.0202,0.3087,9.7445,0.4385,5.4162,0.0417,0.594,1.285,3.131,7.0795,11.0109,6.7153,3.6769,3.4897,2.5633,2.5601,0.5317,0.676,1.2313,0.6646,0.3002,0.1828,0.529,0.1165,0.4235,0.0435,0.0183,0.267
dmk_129_T1,9.1967,0.2465,5.1107,0.056,0.6517,1.7693,3.6997,7.5874,12.4834,6.9486,3.7779,5.1079,3.1831,3.2978,0.5402,0.7083,1.2374,0.8209,0.2878,0.1393,0.7386,0.1357,0.5424,0.062,0.0268,0.3483,9.3015,0.3208,5.0868,0.0708,0.7297,1.5761,3.7709,8.6252,12.179,7.5432,3.8447,3.6725,2.9929,3.0129,0.6078,0.7534,1.2279,0.835,0.2663,0.1218,0.6923,0.1563,0.4697,0.0826,0.0253,0.2956
dmk_130_T1,10.4126,0.4631,4.9861,0.0462,0.5785,1.5997,3.5232,6.806,10.1974,6.7771,3.527,4.8737,2.8329,2.619,0.5223,0.6711,1.29,0.7858,0.3431,0.1305,0.6041,0.1128,0.5151,0.0491,0.0254,0.3364,10.4812,0.4353,4.8757,0.0843,0.6551,1.2701,3.2809,7.5207,10.1302,7.5082,3.846,3.5532,2.6825,2.4663,0.5421,0.746,1.1924,0.9183,0.2883,0.1808,0.6674,0.1555,0.5042,0.0575,0.0308,0.297
dmk_131_T1,10.6689,0.3867,6.6975,0.0561,0.7857,1.9272,4.1658,8.469,11.7779,7.5835,4.5906,6.0511,3.652,3.1879,0.5984,0.777,1.2158,0.7865,0.287,0.2378,0.6728,0.1153,0.5209,0.0573,0.0255,0.3229,10.8924,0.4653,6.6798,0.1038,0.8446,1.4219,3.7488,9.1151,11.6123,8.8909,5.1517,4.6805,3.3864,2.9455,0.5737,0.784,1.3237,0.8345,0.2667,0.195,0.6661,0.15,0.4856,0.062,0.025,0.3066
dmk_133_T1,9.8511,0.2989,5.7802,0.0576,0.6983,1.9877,4.4686,8.6054,14.1134,7.7838,4.3461,6.1222,3.2593,3.1779,0.6302,0.6961,1.584,0.8785,0.3283,0.1571,0.756,0.1374,0.5906,0.0628,0.0292,0.3899,9.8715,0.3115,5.9221,0.078,0.7926,1.71,4.1984,9.5116,14.601,8.5746,4.7301,4.6306,3.2775,3.0232,0.7028,0.7115,1.4867,0.8707,0.333,0.1425,0.6961,0.1485,0.5402,0.0435,0.0319,0.3475
dmk_134_T1,10.285,0.301,5.4874,0.0543,0.7446,1.8933,3.7849,8.4598,12.9209,7.9256,4.486,5.7976,3.4121,3.4428,0.557,0.6816,1.4868,0.8959,0.2953,0.1389,0.7371,0.1385,0.5628,0.0464,0.0231,0.3893,10.3294,0.3464,5.4337,0.1044,0.8099,1.7805,3.9375,9.1409,12.5216,8.6481,4.7164,4.0753,3.243,3.2427,0.5294,0.7651,1.3344,0.9288,0.3028,0.1814,0.7125,0.1631,0.5142,0.0631,0.0281,0.3277
dmk_135_T1,11.1558,0.2324,5.6989,0.0517,0.7318,1.8545,4.1929,8.5673,12.3865,7.4638,4.5367,6.0885,3.6193,2.7381,0.5684,0.6712,1.5751,0.8349,0.2963,0.1376,0.7231,0.1154,0.5594,0.0506,0.0238,0.3551,11.328,0.3299,5.9169,0.0918,0.866,1.4996,4.0346,9.6032,12.9848,8.8709,5.2209,4.8478,3.2852,2.5547,0.5913,0.7299,1.4798,0.8694,0.2977,0.1641,0.696,0.1639,0.5037,0.0571,0.022,0.303
dmk_136_T1,9.5888,0.3629,5.6369,0.0422,0.6215,1.8708,4.2296,7.7988,13.01,7.7723,3.5952,4.6324,2.7247,2.9611,0.4752,1.0582,1.1134,0.8014,0.2717,0.2435,0.6957,0.1142,0.5241,0.0599,0.0194,0.3194,9.494,0.318,5.5381,0.0614,0.7446,1.7524,4.1003,8.8658,13.4672,8.1305,3.9822,3.5962,2.5625,2.7429,0.5568,1.0694,1.1779,0.86,0.2826,0.2191,0.7287,0.1763,0.5078,0.0917,0.0279,0.29
dmk_138_T1,9.2421,0.4024,5.6502,0.0519,0.7094,1.9261,3.7612,7.4475,12.3052,6.6272,3.6856,4.9013,2.5934,2.262,0.476,0.6725,1.1801,0.814,0.2871,0.2318,0.6692,0.1171,0.5476,0.0473,0.0238,0.344,9.336,0.4038,5.7288,0.072,0.7942,1.6412,3.4552,7.945,12.1302,7.2246,3.9498,3.6444,2.4425,2.2837,0.4765,0.6564,1.1556,0.9346,0.2993,0.248,0.7383,0.1824,0.531,0.0755,0.0162,0.3269
dmk_139_T1,10.9995,0.3811,5.2675,0.0442,0.6446,1.6732,3.6613,7.4899,11.7718,7.6494,4.0061,5.2874,3.0189,2.9865,0.54,0.5692,1.3214,0.7602,0.2655,0.1537,0.6506,0.1119,0.5025,0.0499,0.0252,0.3525,11.1389,0.4253,5.1399,0.0724,0.6571,1.4942,3.7013,8.4246,11.8522,7.9152,4.4415,4.0352,2.8649,2.8393,0.5379,0.66,1.2524,0.806,0.2737,0.1796,0.6339,0.1394,0.4488,0.049,0.0276,0.2841
dmk_140_T1,10.2486,0.3509,5.3033,0.0615,0.8099,2.095,3.8281,7.1467,11.6532,7.8128,4.3324,5.5186,2.8332,2.3952,0.4711,0.6586,1.3398,0.7911,0.2858,0.1344,0.6904,0.1218,0.5487,0.0424,0.0237,0.3304,10.2321,0.3793,5.1473,0.1062,0.8207,1.7136,3.6592,7.8767,12.0471,9.0377,4.9647,4.0056,2.6614,2.1939,0.5753,0.7429,1.303,0.8003,0.3024,0.1555,0.6925,0.1426,0.4729,0.0641,0.0267,0.2787
dmk_141_T1,10.8877,0.53,6.0049,0.0602,0.7681,1.8899,4.1151,8.0937,13.4248,7.9136,4.2669,5.3508,3.1398,3.2196,0.5404,0.8162,1.2646,0.9289,0.3184,0.2802,0.8151,0.1333,0.6011,0.0765,0.0259,0.3449,10.8812,0.6173,5.9557,0.0895,0.8651,1.5962,3.8876,8.5523,13.2725,7.9818,4.5196,4.2983,3.3044,3.2153,0.5675,0.8582,1.3517,0.8858,0.2772,0.2537,0.6922,0.154,0.504,0.0594,0.0167,0.2982
dmk_142_T1,9.9552,0.5062,5.6168,0.0726,0.7002,1.9491,3.7646,8.0166,11.3402,7.7965,4.4851,5.3272,2.9274,2.5893,0.4888,0.6378,1.3209,0.8232,0.2935,0.1981,0.7375,0.1245,0.5571,0.0691,0.0296,0.3528,10.0696,0.453,5.5606,0.0996,0.8033,1.7024,3.8838,8.7803,11.5576,7.9243,4.7794,4.3092,2.9925,2.4022,0.565,0.6929,1.3311,0.896,0.2786,0.207,0.6992,0.1611,0.5263,0.0629,0.0242,0.3443
dmk_143_T1,9.7369,0.4582,5.2398,0.0435,0.5763,1.6359,3.8066,8.0485,11.9783,7.1492,3.8215,4.9275,2.8042,2.8489,0.5171,0.7742,1.272,0.7809,0.2736,0.1684,0.6644,0.1401,0.4958,0.0721,0.022,0.3346,9.7099,0.4462,5.3587,0.0659,0.6235,1.3989,3.7366,8.8064,11.3855,7.6007,4.1877,3.8865,2.7708,2.6569,0.5229,0.7883,1.2879,0.795,0.2401,0.1749,0.6282,0.158,0.4814,0.0601,0.0245,0.3065
dmk_144_T1,10.3084,0.3281,5.8301,0.0467,0.6052,1.8071,3.2519,6.5388,10.5924,6.5307,4.0894,4.9653,2.7629,2.8517,0.4679,0.5279,1.2896,0.7773,0.2843,0.1254,0.7024,0.1112,0.5428,0.0457,0.0229,0.2829,10.3048,0.3712,5.8174,0.0649,0.6672,1.5915,3.3521,7.1783,9.8553,6.7132,4.2325,3.6442,2.7998,2.6675,0.4902,0.549,1.2821,0.8271,0.2782,0.1221,0.7005,0.1607,0.482,0.0683,0.0208,0.3079
dmk_145_T1,10.8138,0.6423,6.5822,0.0571,0.6623,1.6099,3.5093,6.9182,9.9793,6.6554,3.8327,5.2507,3.1406,2.6457,0.4438,0.6197,1.3839,0.8572,0.275,0.1779,0.7143,0.1332,0.5369,0.0698,0.0218,0.3731,11.0265,0.6691,6.4799,0.0873,0.6976,1.3763,3.4281,7.3177,9.9845,7.2937,4.2153,3.8532,2.9555,2.5016,0.4864,0.6821,1.3406,0.9234,0.2691,0.1993,0.7176,0.172,0.5126,0.0747,0.0297,0.3405
dmk_146_T1,11.1585,0.2717,5.7815,0.0492,0.7469,1.8647,3.5478,6.9146,11.3092,6.7335,3.6277,4.7691,2.6466,2.0799,0.4228,0.6389,1.2812,0.8395,0.3163,0.1454,0.6934,0.1153,0.5307,0.0515,0.0144,0.312,11.4382,0.3107,5.7445,0.0909,0.7478,1.6371,3.357,7.6771,11.076,6.7868,3.6856,3.6729,2.5541,2.1305,0.4797,0.6686,1.312,0.8305,0.2795,0.1775,0.6675,0.1672,0.4881,0.0564,0.0166,0.3184
dmk_147_T1,8.6428,0.2942,5.7788,0.0511,0.7206,1.9887,3.9251,7.7161,12.4838,8.1563,4.6166,5.8423,3.6164,3.6928,0.486,0.7721,1.299,0.7774,0.2639,0.1713,0.6798,0.1227,0.5495,0.0677,0.0235,0.3572,8.6446,0.3339,5.8435,0.0866,0.7634,1.5661,3.5861,8.5553,12.1077,8.2996,4.8373,4.6471,3.7376,3.4679,0.5317,0.8098,1.3072,0.8431,0.2654,0.1867,0.6776,0.1561,0.4923,0.0488,0.0259,0.3143
dmk_149_T1,9.6718,0.3141,5.72,0.0365,0.6292,1.7338,3.7365,8.3284,15.9413,9.1716,4.3625,5.7625,3.5844,3.4726,0.5588,0.7625,1.3842,0.878,0.3239,0.1195,0.77,0.1511,0.5714,0.0563,0.0247,0.376,9.7993,0.2953,5.7978,0.0711,0.6996,1.6353,3.6617,9.5618,15.9571,9.5289,5.3885,4.7199,3.4633,3.4869,0.5662,0.7096,1.3758,0.9307,0.2977,0.1653,0.756,0.1856,0.5353,0.0653,0.0255,0.3394
dmk_150_T1,8.7941,0.4125,5.9559,0.056,0.6271,1.5184,3.1766,6.9373,10.4774,7.1655,3.8775,4.7931,2.988,2.6231,0.4435,1.0294,1.1542,0.6368,0.2898,0.1661,0.5208,0.095,0.4268,0.0357,0.0294,0.266,9.1387,0.4515,5.8457,0.0997,0.6878,1.425,3.2214,8.0907,11.2506,7.383,4.2179,4.0244,3.0181,2.65,0.5065,1.035,1.1253,0.8441,0.2566,0.1835,0.6617,0.1737,0.4677,0.0588,0.033,0.2992
dmk_151_T1,9.0506,0.431,5.5012,0.0516,0.6509,1.9336,3.7941,7.9607,11.5522,7.3779,4.1387,5.1474,3.1396,3.0296,0.4923,0.6566,1.1857,0.7365,0.2515,0.1498,0.6639,0.114,0.4921,0.0529,0.026,0.3392,9.1092,0.425,5.6007,0.0923,0.6869,1.8331,3.6532,8.445,12.0301,7.5076,4.1024,3.8977,2.9501,2.9338,0.5901,0.7421,1.1177,0.8061,0.2533,0.2041,0.6572,0.1624,0.454,0.0553,0.0192,0.2874
dmk_152_T1,9.4066,0.3017,5.1587,0.0532,0.7232,1.7281,4.0649,8.2699,12.309,7.5235,4.3836,5.4624,2.9305,2.7692,0.4758,0.7074,1.3208,0.7617,0.3041,0.1213,0.6527,0.1021,0.4936,0.0348,0.0241,0.3152,9.6261,0.3548,5.3211,0.0877,0.7617,1.6111,3.8545,8.8564,12.9185,8.6671,4.5107,4.148,2.8951,2.567,0.5149,0.7755,1.248,0.717,0.2477,0.1524,0.5977,0.1367,0.4313,0.0502,0.0251,0.2657
dmk_153_T1,8.7914,0.2361,5.5481,0.0462,0.5969,1.7538,3.7565,8.1619,13.2558,7.2337,4.1814,5.2628,2.9704,2.729,0.5322,0.6719,1.2719,0.8446,0.3012,0.1616,0.6976,0.1176,0.5136,0.0797,0.0296,0.3283,8.9714,0.2425,5.5406,0.0793,0.7291,1.4511,3.6448,8.9901,13.6617,8.0172,4.7897,3.9309,2.7092,2.3397,0.4529,0.732,1.2396,0.8887,0.2813,0.1699,0.6971,0.1631,0.465,0.0809,0.0293,0.2909
dmk_154_T1,9.1709,0.4173,5.4595,0.0586,0.6471,1.9213,3.869,7.6674,10.7469,5.7744,2.9147,4.1469,2.74,2.4765,0.4618,1.1233,1.3177,0.8518,0.2987,0.1701,0.7619,0.1376,0.5814,0.0824,0.0311,0.3662,9.2578,0.3874,5.4355,0.0841,0.7802,1.6726,3.4968,7.3842,10.9494,6.3379,3.272,3.1865,2.3795,2.5365,0.4769,1.0745,1.332,0.8599,0.2836,0.1889,0.6949,0.1735,0.5089,0.0722,0.0308,0.3159
dmk_155_T1,10.4934,0.5608,5.109,0.0838,0.6621,1.6675,3.5686,6.7916,12.2263,7.5906,3.7339,4.7829,2.952,2.9398,0.4958,0.7579,1.0973,0.8583,0.2925,0.1819,0.7513,0.1442,0.5443,0.0929,0.0273,0.3716,10.6975,0.5046,4.7036,0.1204,0.7971,1.4159,3.3156,7.7341,12.4199,7.9819,4.1589,3.8751,2.7766,2.6799,0.495,0.8042,1.1646,0.9037,0.2885,0.218,0.7494,0.175,0.5049,0.0828,0.025,0.3049
dmk_156_T1,8.1175,0.236,5.3453,0.0487,0.4888,1.562,3.2566,6.4553,10.853,6.9253,3.3959,4.5175,2.8759,2.6789,0.4862,0.5677,1.1213,0.7238,0.288,0.176,0.6343,0.1107,0.4959,0.0633,0.019,0.3153,8.1906,0.2519,5.3218,0.079,0.5449,1.3386,3.0578,7.37,10.4329,7.4575,3.7928,3.5781,2.8281,2.4728,0.4796,0.6389,1.1218,0.8189,0.2661,0.1401,0.6474,0.1531,0.4653,0.0513,0.0239,0.2898
dmk_157_T1,10.6691,0.3558,5.5423,0.0469,0.6295,1.7998,3.8626,7.6489,12.08,8.2582,4.2751,5.5251,2.9,2.2275,0.4944,0.7667,1.4982,0.8133,0.3263,0.2143,0.7163,0.1162,0.5436,0.0627,0.0258,0.3937,11.0393,0.4751,5.7756,0.0932,0.7425,1.5785,3.513,7.768,11.278,8.2986,4.6489,4.2829,2.734,2.1457,0.5284,0.7981,1.5024,0.901,0.3443,0.1962,0.7039,0.1651,0.5323,0.0582,0.0288,0.3376
dmk_158_T1,7.4714,0.3644,4.3652,0.0456,0.553,1.5078,2.8976,5.6979,8.3762,5.952,3.2627,3.952,2.2324,1.7372,0.34,0.9818,1.0853,0.7209,0.2635,0.1427,0.625,0.1123,0.4846,0.0516,0.0186,0.2869,7.7234,0.3688,4.2574,0.0921,0.5216,1.2161,2.6667,6.5611,8.65,6.0799,3.4775,2.9789,1.9784,1.7647,0.4088,0.8444,1.0592,0.759,0.2432,0.1525,0.6076,0.1426,0.4263,0.0469,0.0273,0.2548
dmk_159_T1,7.4714,0.3644,4.3652,0.0456,0.553,1.5078,2.8976,5.6979,8.3762,5.952,3.2627,3.952,2.2324,1.7372,0.34,0.9818,1.0853,0.7209,0.2635,0.1427,0.625,0.1123,0.4846,0.0516,0.0186,0.2869,7.7234,0.3688,4.2574,0.0921,0.5216,1.2161,2.6667,6.5611,8.65,6.0799,3.4775,2.9789,1.9784,1.7647,0.4088,0.8444,1.0592,0.759,0.2432,0.1525,0.6076,0.1426,0.4263,0.0469,0.0273,0.2548
dmk_160_T1,10.6736,0.3996,5.3823,0.0539,0.6115,1.6551,3.1961,6.6729,9.1318,5.7351,3.2517,4.6726,2.7796,2.2922,0.4654,0.613,1.339,0.7985,0.2796,0.1478,0.7041,0.1279,0.5312,0.0532,0.0282,0.3409,10.6951,0.4291,5.4858,0.076,0.7305,1.4804,3.2127,7.2852,9.1496,5.592,3.1912,3.6268,2.5669,2.1006,0.4906,0.7059,1.3157,0.8024,0.2738,0.1569,0.688,0.1653,0.4978,0.069,0.0313,0.3059
dmk_161_T1,9.7248,0.4446,4.7933,0.061,0.6459,1.6842,3.4064,6.9356,11.5277,7.2696,4.0099,5.3118,2.8621,2.7617,0.5607,0.7396,1.1838,0.7728,0.2689,0.1122,0.6496,0.1242,0.4981,0.0539,0.0195,0.3242,9.884,0.4045,4.703,0.0893,0.6901,1.3994,3.2598,7.8415,11.9204,7.9871,4.2175,3.6986,2.6902,2.6416,0.4916,0.7651,1.2405,0.82,0.2643,0.16,0.6273,0.1316,0.4658,0.0522,0.0285,0.2767
dmk_162_T1,9.5302,0.3487,5.808,0.0561,0.5647,1.4518,3.7244,7.1575,10.6361,6.3137,3.6473,4.9016,2.9183,2.5317,0.425,0.6991,1.3944,0.8462,0.3055,0.2209,0.7165,0.1244,0.5404,0.0594,0.026,0.3652,9.5618,0.3348,5.796,0.0854,0.6364,1.4071,3.4768,7.8286,10.4282,6.8205,3.8376,3.5971,2.5847,2.1698,0.5027,0.7511,1.3971,0.9637,0.2706,0.2021,0.7418,0.1887,0.5441,0.0901,0.0297,0.3496
dmk_163_T1,9.3286,0.3897,4.8251,0.0455,0.6181,1.6336,3.5232,7.0882,11.0676,7.318,3.3778,3.9974,2.4454,2.5262,0.5163,0.6717,1.1183,0.7425,0.2399,0.17,0.5917,0.1221,0.4329,0.0644,0.0117,0.3218,9.1712,0.4009,4.8505,0.0821,0.7114,1.537,3.5576,7.5924,10.8334,7.5081,3.5635,3.1956,2.4626,2.3636,0.5356,0.6893,1.2062,0.8613,0.253,0.2012,0.6682,0.1525,0.4595,0.0732,0.0175,0.306
dmk_165_T1,8.4735,0.4757,5.1545,0.066,0.6788,1.8484,3.8825,8.1346,12.9439,8.078,3.9716,5.3713,3.1317,2.8813,0.5008,0.7117,1.3626,0.7845,0.3,0.106,0.681,0.1187,0.5152,0.0409,0.0216,0.3226,8.4655,0.4107,5.1623,0.1058,0.7548,1.6089,3.6865,9.0668,13.4889,8.3918,4.4718,4.0807,2.8935,2.8382,0.5345,0.7746,1.2419,0.8887,0.2738,0.135,0.6975,0.1642,0.5291,0.046,0.0289,0.2944
dmk_166_T1,8.0028,0.2848,4.4034,0.0493,0.5821,1.5556,3.5651,7.2829,11.6797,6.7477,3.6304,5.1175,2.8667,2.7452,0.4729,0.7071,1.1062,0.6903,0.2183,0.1896,0.6217,0.1116,0.4614,0.0643,0.0185,0.3171,8.0256,0.2609,4.3764,0.0791,0.6376,1.3018,3.3767,8.1711,11.6921,7.1914,3.9952,3.8996,2.7224,2.6319,0.4824,0.7094,1.1401,0.8218,0.2264,0.1876,0.6202,0.153,0.4457,0.0676,0.0278,0.297
dmk_167_T1,9.8044,0.3915,6.1117,0.0505,0.5691,1.6875,3.635,7.93,11.3314,7.4461,4.3414,5.5692,2.8549,2.6366,0.4735,0.6161,1.2823,0.7704,0.271,0.1706,0.6596,0.1209,0.4976,0.0504,0.027,0.3339,9.8995,0.4173,6.0778,0.0862,0.6903,1.3609,3.5608,8.4968,11.3741,8.0786,4.6677,4.302,2.8198,2.4867,0.5467,0.6754,1.2358,0.8064,0.2654,0.2093,0.6399,0.1519,0.4779,0.0493,0.0267,0.2897
dmk_168_T1,9.6097,0.2382,4.9347,0.0601,0.7926,2.0022,3.5685,7.3193,10.5344,7.3455,4.1382,5.0206,2.8192,2.8254,0.5612,0.7737,1.3295,0.7799,0.3022,0.15,0.7028,0.1191,0.5081,0.0663,0.03,0.3531,9.5371,0.2759,5.1294,0.0911,0.7595,1.565,3.2594,7.7698,10.6948,7.8339,4.5617,4.1161,2.8261,2.5841,0.4855,0.7732,1.2577,0.7762,0.2861,0.1316,0.6457,0.1464,0.4685,0.0516,0.0367,0.2738
dmk_171_T1,9.8603,0.3543,5.0052,0.0684,0.6616,2.1766,4.1198,8.1488,13.1291,7.6581,4.321,5.7639,3.5334,3.5667,0.5708,0.7864,1.2634,0.745,0.2729,0.196,0.6797,0.1148,0.5167,0.0535,0.0254,0.3387,9.914,0.4448,5.2633,0.1007,0.7543,1.9967,3.9715,9.1112,12.893,8.4971,4.7296,4.342,3.2596,3.3563,0.5648,0.813,1.3382,0.8289,0.2671,0.2119,0.6623,0.1468,0.5034,0.0602,0.0267,0.3082
port_1011_T1,9.2707,0.4213,5.1739,0.0507,0.5482,1.605,3.5334,7.1161,11.2599,6.9557,3.8334,5.1906,2.9319,2.9219,0.4115,0.5908,1.2416,0.7324,0.2577,0.1286,0.6618,0.1219,0.4887,0.0548,0.0177,0.3327,9.4433,0.5024,5.1847,0.0731,0.6278,1.3431,3.3307,7.6982,10.823,7.7808,4.2205,3.9804,2.9103,2.8736,0.4291,0.5967,1.2409,0.7704,0.2517,0.1507,0.6158,0.1463,0.4477,0.0551,0.0195,0.2863
port_1012_T1,9.1585,0.265,4.6188,0.0512,0.5251,1.5446,3.4471,7.3926,11.1722,7.5384,4.1904,5.305,2.9321,2.8141,0.4545,0.6103,1.3729,0.7225,0.2481,0.1651,0.6452,0.1146,0.4823,0.0435,0.0205,0.3485,9.2915,0.3375,4.5735,0.0773,0.661,1.4886,3.2901,8.0952,10.908,7.9326,4.479,4.3088,3.1612,2.756,0.4571,0.6672,1.3069,0.8152,0.2531,0.1624,0.6362,0.1473,0.4676,0.0544,0.0154,0.2974
port_1041_T1,9.1702,0.4022,4.8434,0.0451,0.5845,1.5821,3.2919,6.8797,10.9832,7.3586,4.0212,5.0413,2.9047,2.5848,0.4494,0.6891,1.2317,0.7854,0.244,0.215,0.6493,0.129,0.4877,0.0747,0.0199,0.3531,9.2465,0.4737,4.9055,0.0676,0.656,1.2775,3.2942,7.6209,11.1947,7.4645,4.5035,4.2765,3.1348,2.6192,0.4632,0.7673,1.2232,0.8006,0.2459,0.2121,0.6151,0.15,0.4796,0.0505,0.0256,0.3269
port_1051_T1,10.5204,0.2575,4.9369,0.0649,0.6722,1.7492,3.7437,7.7718,12.5137,7.2412,3.873,4.5796,2.8496,2.783,0.5176,0.9173,1.3447,0.7537,0.2513,0.1624,0.6592,0.12,0.4985,0.0644,0.0251,0.3607,10.7058,0.3607,5.0586,0.0991,0.7473,1.5213,3.6256,8.5024,13.031,7.8788,4.2635,4.0484,2.8748,2.7148,0.5191,1.0539,1.2349,0.7868,0.2626,0.1725,0.6214,0.1455,0.4671,0.0588,0.0261,0.2871
port_1052_T1,9.1511,0.2653,5.0541,0.0568,0.5478,1.5644,3.5338,8.015,11.19,7.0742,4.2802,5.4781,2.8208,2.6686,0.521,0.5621,1.2602,0.7375,0.2737,0.1312,0.6185,0.1093,0.5004,0.0345,0.0219,0.3175,9.2494,0.3176,5.0186,0.1003,0.6928,1.4145,3.5821,8.6304,11.4135,7.901,4.3819,3.8311,2.6607,2.7464,0.536,0.581,1.2537,0.7643,0.2795,0.1571,0.6108,0.1195,0.4587,0.0384,0.022,0.2823
port_1061_T1,9.0812,0.337,5.5632,0.0441,0.615,1.8438,3.9853,8.527,12.753,7.8043,4.1928,5.5711,3.2561,2.9681,0.4681,0.6921,1.45,0.8763,0.3262,0.2203,0.7862,0.1383,0.603,0.0637,0.0236,0.3583,9.3411,0.3516,5.7877,0.0876,0.8407,1.565,3.9142,9.6814,12.8948,8.5972,4.6113,4.491,3.4122,2.9615,0.5262,0.7172,1.4556,0.9695,0.3365,0.2252,0.8075,0.196,0.6074,0.0732,0.0302,0.3684
port_1072_T1,10.3056,0.2911,5.4677,0.0545,0.6443,1.8199,4.203,8.4071,12.9508,8.0198,4.386,5.6474,2.9082,2.5285,0.4503,0.6284,1.4364,0.8894,0.3449,0.1643,0.7389,0.1272,0.5645,0.0586,0.0263,0.367,10.3636,0.3749,5.7817,0.0785,0.7407,1.5626,4.0927,9.0495,12.919,8.6162,4.724,4.5335,2.9093,2.504,0.519,0.7538,1.4307,0.8214,0.3035,0.1818,0.688,0.1375,0.5045,0.0516,0.0241,0.3236
port_1111_T1,8.6918,0.3641,5.1978,0.0537,0.6115,1.7489,3.8994,8.0624,12.7886,7.4806,3.7766,4.9918,3.0454,3.5391,0.5588,0.787,1.3776,0.7574,0.2916,0.1166,0.6892,0.1307,0.5206,0.0489,0.0215,0.361,8.7974,0.3149,5.3073,0.0705,0.7531,1.5098,3.6724,8.672,12.957,7.8854,4.0525,3.8198,3.0204,3.4788,0.567,0.8153,1.3266,0.8484,0.2792,0.1487,0.6858,0.1604,0.5138,0.0456,0.0232,0.318
port_1121_T1,9.4926,0.3619,5.6343,0.0468,0.672,1.6315,3.4915,6.831,9.3935,5.9366,3.4165,4.6743,2.6882,2.412,0.4168,0.5447,1.3296,0.7541,0.2919,0.1276,0.6443,0.1067,0.5061,0.0599,0.0205,0.3372,9.5324,0.3461,5.6415,0.0738,0.7751,1.5305,3.3475,7.3717,9.8336,6.6672,4.0327,3.6887,2.5139,2.4233,0.3592,0.6544,1.3539,0.7912,0.2822,0.1793,0.6648,0.1509,0.4915,0.0705,0.0279,0.3149
port_1131_T1,8.3854,0.4089,4.2581,0.0495,0.6697,1.5322,3.1711,6.5811,9.6363,5.5435,3.2959,4.3183,2.5379,2.4973,0.5,0.5989,1.1897,0.711,0.2561,0.1223,0.6374,0.1103,0.4751,0.068,0.0246,0.3304,8.4587,0.36,4.3505,0.0853,0.735,1.3222,3.1643,7.4456,9.6078,5.6675,3.3958,3.275,2.5548,2.4915,0.4787,0.7021,1.1759,0.8416,0.262,0.1637,0.6592,0.1518,0.4582,0.0703,0.0259,0.2832
port_1151_T1,8.9065,0.309,5.0219,0.0436,0.5521,1.6864,3.6015,7.9379,13.3426,8.179,4.277,5.596,3.0818,3.0812,0.4167,0.669,1.3487,0.808,0.2917,0.1383,0.7039,0.1295,0.5269,0.052,0.0222,0.3461,9.0907,0.3051,5.2352,0.0701,0.6701,1.441,3.7021,9.1566,13.7166,8.7681,4.7909,4.4281,3.2238,3.1313,0.4461,0.7584,1.3994,0.8841,0.2785,0.1952,0.7204,0.159,0.4992,0.0765,0.0251,0.3296
port_1171_T1,10.0157,0.2701,5.413,0.0515,0.5954,1.5112,3.3312,7.2543,11.9793,7.5326,3.7753,5.1482,3.2571,3.0327,0.5381,0.6847,1.378,0.8157,0.281,0.1914,0.7031,0.1406,0.5183,0.062,0.0307,0.3773,10.0739,0.3265,5.8323,0.0839,0.7185,1.349,3.5192,8.5276,12.6514,8.0275,4.2616,3.972,3.1065,2.9988,0.5312,0.7636,1.29,0.8569,0.2572,0.2211,0.6741,0.1686,0.5013,0.0756,0.0277,0.3202
port_1181_T1,9.012,0.2297,5.0851,0.0518,0.6387,1.7598,3.8604,7.7702,12.8126,8.1362,4.5915,5.4927,3.1457,2.5744,0.5254,0.6819,1.3466,0.7815,0.2727,0.1851,0.6972,0.1246,0.5356,0.0586,0.0231,0.3626,9.3147,0.3072,4.9679,0.0838,0.6894,1.5019,3.5809,8.7793,12.8341,8.2297,4.4853,4.2544,2.8856,2.5641,0.4194,0.7546,1.2768,0.8569,0.2688,0.2156,0.6609,0.1572,0.4582,0.0617,0.012,0.293
port_1191_T1,8.9398,0.3931,4.9977,0.0595,0.6092,1.6891,3.51,6.9896,10.8923,8.0585,4.6977,5.7377,3.0813,2.8313,0.5561,0.5292,1.3151,0.7574,0.2487,0.1603,0.6576,0.1298,0.51,0.0597,0.0183,0.3303,9.0184,0.3502,5.0122,0.08,0.6672,1.4968,3.5052,7.9103,10.7234,8.1014,5.0575,4.5774,3.1074,2.7403,0.609,0.595,1.2602,0.8479,0.2457,0.1488,0.6736,0.1581,0.4509,0.0592,0.027,0.2967
port_1201_T1,9.3173,0.383,5.1705,0.055,0.6573,1.6259,3.3215,6.9153,9.8178,6.0144,3.4709,4.6619,2.447,2.263,0.4182,0.7077,1.2033,0.6985,0.2271,0.1684,0.6228,0.1294,0.4547,0.0801,0.0145,0.3291,9.3349,0.3953,5.2429,0.08,0.751,1.3826,2.9111,7.2406,9.4232,6.5331,3.8365,3.6979,2.6271,2.3494,0.4191,0.6628,1.1797,0.7282,0.2337,0.1958,0.5887,0.1345,0.4179,0.0588,0.0223,0.2712
port_1211_T1,9.8441,0.5078,5.2659,0.0483,0.6142,1.8419,4.0496,8.4633,12.7231,7.255,4.3685,5.7195,3.3756,3.1653,0.5588,0.6004,1.4083,0.8746,0.2679,0.1632,0.747,0.15,0.5559,0.0596,0.022,0.3813,9.8407,0.483,5.3359,0.0919,0.7055,1.6884,3.8406,8.9971,12.8125,8.57,4.7667,4.2172,3.0438,3.0161,0.6234,0.6557,1.3138,0.9122,0.2695,0.2024,0.7142,0.169,0.5189,0.073,0.03,0.336
port_1231_T1,9.0235,0.3521,5.0175,0.0471,0.5418,1.4486,3.2852,6.7998,11.1111,6.7047,3.7455,4.8375,2.5505,2.8508,0.4804,0.6288,1.2696,0.7015,0.2699,0.189,0.6191,0.1144,0.4711,0.0616,0.0199,0.3417,9.185,0.4442,5.0062,0.0675,0.6108,1.3748,3.0599,7.3622,11.1615,7.0574,4.0714,3.7143,2.8493,2.7451,0.4789,0.7121,1.2952,0.7168,0.2533,0.1911,0.6079,0.1379,0.4579,0.0572,0.0231,0.2843
port_1241_T1,12.3633,0.3955,5.8846,0.0586,0.6541,1.6954,3.9372,8.4589,13.5984,7.8348,4.1934,5.599,3.2801,3.0385,0.547,0.7301,1.5963,0.8959,0.3123,0.1713,0.7934,0.1379,0.6032,0.0557,0.0224,0.4177,12.3189,0.4051,6.1869,0.0837,0.7493,1.4335,3.674,9.4561,12.8221,8.2784,4.6958,4.4983,3.1527,2.9064,0.5393,0.7924,1.5634,0.995,0.32,0.1688,0.7565,0.1664,0.5895,0.0536,0.0225,0.3761
port_1251_T1,10.2361,0.3786,5.5491,0.0569,0.6617,1.8589,3.9585,8.4035,12.7654,8.4736,4.6263,5.8819,3.0012,2.5933,0.4802,0.7704,1.4385,0.8596,0.277,0.2152,0.7482,0.1303,0.5714,0.0645,0.0224,0.3743,10.1616,0.375,5.6573,0.1094,0.7446,1.5613,3.9486,9.1155,13.631,9.3161,5.5318,4.8874,3.0787,2.6588,0.4862,0.8895,1.4069,0.9384,0.2849,0.2056,0.7073,0.1544,0.56,0.0745,0.0321,0.3431
port_1261_T1,9.8793,0.2819,5.853,0.0628,0.5948,1.7174,3.7963,7.5326,11.3772,7.1135,4.0118,5.3494,3.1648,2.9093,0.5152,0.5087,1.5863,0.922,0.3132,0.2001,0.7556,0.1149,0.5778,0.054,0.0272,0.3587,9.8203,0.3421,5.899,0.1076,0.7437,1.5083,3.6414,8.1724,11.3426,7.3832,4.2424,3.9913,3.0287,2.7323,0.5308,0.5653,1.5653,0.9584,0.3347,0.2099,0.7049,0.1397,0.5303,0.0428,0.0323,0.2987
port_1271_T1,11.4679,0.4592,5.1298,0.0637,0.6632,1.6525,3.4953,7.4917,12.6226,8.1962,4.522,5.4573,2.8407,2.8296,0.538,0.6329,1.4819,0.9113,0.3043,0.1811,0.7629,0.1289,0.558,0.0633,0.0207,0.3748,11.2577,0.4561,5.211,0.0932,0.805,1.3576,3.2113,8.2202,12.6027,8.8815,4.8653,4.2048,3.0369,2.9071,0.5961,0.6838,1.4799,0.9532,0.2893,0.2087,0.7502,0.1651,0.5426,0.0798,0.0215,0.3525
port_1281_T1,9.6982,0.5676,5.8816,0.0767,0.7047,1.9302,4.1944,8.6381,12.1832,7.7057,4.632,5.8724,2.8587,3.1726,0.5279,0.5304,1.472,0.8504,0.3037,0.2023,0.7276,0.1197,0.5647,0.0755,0.0263,0.3675,9.9911,0.5455,6.049,0.0953,0.8171,1.6049,4.0383,9.3487,12.5057,8.5638,5.0492,4.5088,2.9052,2.9027,0.5847,0.6432,1.5012,0.8938,0.2896,0.2583,0.7242,0.1743,0.5349,0.0774,0.0252,0.325
port_1291_T1,11.8641,0.4505,6.3499,0.0724,0.6906,1.907,4.246,8.6346,14.1146,8.1734,4.6792,6.1763,3.5633,3.1862,0.5317,0.7209,1.7842,1.0964,0.3353,0.1796,0.9361,0.1726,0.7479,0.0841,0.0282,0.517,11.7961,0.4775,6.126,0.1026,0.7778,1.7446,3.9843,9.8149,14.05,9.3032,5.4033,4.9256,3.5289,2.9541,0.5603,0.83,1.6885,1.1865,0.3408,0.2341,0.9315,0.2262,0.6743,0.079,0.0369,0.451
port_1301_T1,9.8499,0.405,6.212,0.0403,0.5231,1.518,3.672,7.9164,12.8124,6.3488,3.3603,4.411,2.7079,2.7766,0.504,0.7203,1.2288,0.8825,0.2688,0.2216,0.7495,0.1441,0.5684,0.0994,0.0269,0.374,9.8185,0.4063,6.1294,0.0663,0.5701,1.2611,3.5785,9.0784,12.6346,7.1487,3.6695,3.5788,2.6889,2.4853,0.4794,0.7275,1.3131,0.9303,0.273,0.1947,0.7503,0.1713,0.5247,0.0754,0.027,0.3308
port_1331_T1,9.8387,0.3936,5.4593,0.0466,0.558,1.6062,3.6242,7.6725,11.763,6.4699,3.3198,4.5424,2.418,1.9657,0.4484,0.5931,1.3082,0.7768,0.2773,0.1618,0.6516,0.116,0.503,0.0579,0.0337,0.3631,9.8741,0.4352,5.4471,0.0731,0.5693,1.2068,3.514,8.5497,12.2491,7.2395,3.8487,3.4523,2.2704,2.1316,0.4319,0.703,1.2942,0.8225,0.2519,0.1963,0.6533,0.1476,0.4871,0.0483,0.0272,0.3108
port_1341_T1,10.2067,0.4216,5.6571,0.0345,0.5067,1.3545,3.1719,7.1213,10.7034,6.1078,3.4674,4.4235,2.4503,2.1024,0.4665,0.5839,1.3265,0.822,0.3023,0.1702,0.7108,0.1035,0.5454,0.0565,0.0266,0.3307,10.243,0.4496,6.0489,0.0601,0.5834,1.1903,3.1225,7.731,10.6061,6.8096,3.8848,3.3921,2.3469,2.16,0.5349,0.6407,1.3244,0.8723,0.2779,0.1962,0.6715,0.1499,0.4977,0.0568,0.0285,0.2965
port_1351_T1,9.3936,0.3501,5.1552,0.0601,0.6822,1.9299,4.0957,8.2171,11.3306,6.8827,3.8235,4.9307,2.9171,2.617,0.5542,1.0215,1.0576,0.8057,0.2535,0.174,0.6699,0.1239,0.4967,0.073,0.0248,0.3465,9.6744,0.2486,5.1742,0.1204,0.8209,1.4789,4.0258,8.9502,12.3761,7.3021,4.0437,3.7989,2.7927,2.7357,0.5532,1.2278,1.0181,0.8604,0.2681,0.2051,0.6797,0.1524,0.5049,0.0732,0.0298,0.3178
port_1381_T1,9.7428,0.4851,5.5929,0.0508,0.5848,1.8115,3.6202,7.4344,11.2917,7.1478,3.9164,4.6788,2.7328,2.517,0.4539,0.7593,1.5559,0.8474,0.2773,0.1889,0.7554,0.128,0.5623,0.0657,0.0185,0.3966,9.9563,0.4953,5.8127,0.071,0.7417,1.5389,3.4042,7.997,10.8587,7.6361,4.1669,4.0731,3.0363,2.762,0.4576,0.7437,1.4468,0.932,0.2826,0.185,0.7353,0.1741,0.5772,0.079,0.0205,0.359
port_1401_T1,9.3644,0.449,5.4173,0.0667,0.7077,1.987,4.0278,8.2871,13.3367,8.3652,4.7986,6.0793,3.1723,2.5119,0.5613,0.6124,1.3739,0.7548,0.2868,0.1513,0.6655,0.1263,0.5005,0.05,0.0257,0.3429,9.7176,0.3887,5.4699,0.1135,0.7851,1.5785,3.8511,9.0651,12.9813,9.401,5.3146,4.4954,2.9523,2.6363,0.6127,0.7079,1.3356,0.8053,0.2548,0.1899,0.6378,0.1411,0.4581,0.0555,0.026,0.2881
port_1411_T1,9.1786,0.3261,5.2271,0.0405,0.5357,1.6334,3.5578,7.1868,10.852,6.5243,4.2432,5.2848,3.0141,3.0346,0.5021,0.718,1.1928,0.6691,0.2727,0.121,0.5902,0.0977,0.4777,0.0325,0.0227,0.2626,9.365,0.4194,5.5458,0.0595,0.6122,1.4607,3.4703,7.6701,11.1276,7.202,4.4562,4.0138,2.6808,2.639,0.509,0.7807,1.2143,0.6909,0.2673,0.1669,0.5988,0.1358,0.4362,0.0554,0.021,0.2769
port_1421_T1,9.5785,0.3228,5.8034,0.0554,0.6077,1.7357,3.6211,7.8316,12.3604,7.4936,3.8696,5.1449,3.1624,2.4101,0.5699,0.7191,1.4636,0.8064,0.3037,0.1828,0.6816,0.1203,0.5337,0.0754,0.0258,0.3261,9.6319,0.4158,5.8422,0.0864,0.7768,1.6482,3.7751,8.3388,11.4719,8.1121,4.3328,4.0379,3.2823,2.6654,0.5811,0.8445,1.3962,0.8936,0.2749,0.1955,0.6987,0.1697,0.4903,0.0569,0.0249,0.3155
port_1441_T1,10.7894,0.3444,6.0799,0.0471,0.6401,1.9679,4.1529,8.5631,14.1908,8.0166,4.442,5.7248,2.9939,2.7173,0.5219,0.7057,1.5381,0.9397,0.301,0.1953,0.8192,0.1656,0.6602,0.0695,0.0236,0.4058,10.835,0.3899,5.9801,0.0804,0.8001,1.6297,3.9206,9.7049,14.3512,8.1472,4.6076,4.6703,2.9173,2.5533,0.5372,0.7867,1.5795,1.0462,0.301,0.1611,0.8295,0.2025,0.6128,0.0682,0.0291,0.3941
port_1451_T1,10.0268,0.5572,5.1798,0.0578,0.66,1.9686,3.7958,7.5407,11.8139,7.4241,4.1691,5.6096,3.2145,3.0942,0.5424,0.6434,1.4223,0.7846,0.2799,0.1574,0.6887,0.1283,0.5498,0.0779,0.0191,0.3618,10.1352,0.5352,5.077,0.0894,0.75,1.6549,3.5685,8.3866,12.2902,8.2145,4.7973,4.2658,3.1914,2.8644,0.5631,0.7258,1.3553,0.9022,0.2811,0.2052,0.703,0.1591,0.5017,0.0721,0.0235,0.327
port_1461_T1,9.9563,0.3273,5.7846,0.0769,0.6505,1.8511,3.7148,7.4964,12.2072,6.8649,3.8995,5.0271,2.3891,2.0739,0.4764,0.6819,1.4111,0.8073,0.3098,0.2043,0.6989,0.1169,0.5183,0.0516,0.0272,0.3371,9.9542,0.3274,5.6998,0.1147,0.8218,1.5173,3.472,8.2656,11.8641,7.3182,4.007,3.7568,2.5586,1.9771,0.4674,0.7457,1.3868,0.7396,0.2976,0.2429,0.6407,0.1335,0.4816,0.0589,0.0262,0.2916
port_1491_T1,10.5444,0.3859,5.6853,0.0614,0.7649,2.1769,4.166,7.9049,12.3066,7.6325,4.1466,5.4452,2.8782,2.6491,0.5308,0.7804,1.422,0.7545,0.2948,0.1796,0.6935,0.1175,0.5525,0.057,0.0326,0.3603,10.7035,0.3285,5.5813,0.094,0.8064,1.7036,3.761,8.7594,11.8859,8.8101,4.6436,4.1051,2.7383,2.626,0.5084,0.8382,1.3918,0.8043,0.2941,0.1849,0.6793,0.149,0.4974,0.0684,0.0326,0.2833
port_1511_T1,10.3752,0.5106,5.9508,0.064,0.7197,2.0475,4.3557,8.5515,12.7,7.5669,4.0445,5.1259,2.9893,2.9202,0.5806,0.8743,1.4713,0.8305,0.3287,0.2255,0.7268,0.1177,0.5721,0.0514,0.0249,0.3551,10.5042,0.5271,5.8408,0.0923,0.8538,1.8609,4.3785,9.8292,11.9222,7.7952,4.3419,3.9832,2.8662,2.7471,0.6055,0.9878,1.4625,0.8516,0.3267,0.2376,0.6822,0.1248,0.5228,0.0483,0.0313,0.3197
r01_002_T1,9.992,0.5062,5.4674,0.0602,0.6674,1.6725,3.7669,8.0604,12.8183,6.813,4.0625,5.4632,2.8517,2.8035,0.5547,0.6121,1.3006,0.7994,0.2752,0.1671,0.6884,0.0966,0.5191,0.0541,0.0257,0.3486,9.9111,0.5168,5.5052,0.0927,0.779,1.5681,3.9034,8.7689,12.4034,7.2575,4.1437,4.2352,2.9051,2.568,0.497,0.6689,1.2207,0.8339,0.2517,0.1793,0.627,0.1564,0.4545,0.0557,0.0261,0.2853
r01_003_T1,9.6555,0.4627,5.2676,0.0584,0.7142,1.7206,3.8002,8.2291,12.7133,7.6175,4.0418,5.5046,3.0475,3.2624,0.573,0.7395,1.4032,0.8118,0.2811,0.1801,0.7221,0.125,0.5721,0.0876,0.0272,0.3908,9.676,0.4613,5.2913,0.0989,0.7693,1.6,3.7337,9.075,13.0159,7.7757,4.5747,4.3361,3.0575,3.0148,0.5311,0.7461,1.4345,0.8687,0.2714,0.1929,0.6745,0.16,0.5386,0.0755,0.0303,0.3363
r01_004_T1,9.0846,0.4921,4.9311,0.0469,0.6235,1.6375,3.5196,7.3967,11.5298,6.4468,3.7506,4.9409,2.7662,2.6696,0.4125,0.6262,1.3024,0.7392,0.25,0.1589,0.6812,0.12,0.521,0.0717,0.0187,0.3498,9.1116,0.3772,4.8292,0.08,0.6399,1.3763,3.4477,8.3078,11.8949,7.46,4.2993,3.7994,2.7825,2.7073,0.4513,0.6846,1.2627,0.8399,0.2414,0.1857,0.6644,0.168,0.5098,0.0754,0.0271,0.3212
r01_005_T1,11.2006,0.3509,5.9567,0.0477,0.6273,1.8,3.9139,7.9934,12.6626,7.9502,4.1141,5.6588,2.9793,2.728,0.4504,0.8643,1.3925,0.8805,0.3249,0.162,0.764,0.136,0.608,0.0696,0.0253,0.378,11.1595,0.3397,6.0878,0.1002,0.8581,1.5551,3.9829,9.1456,12.951,8.1962,4.7398,4.5418,2.9987,2.7545,0.52,0.8898,1.3828,0.849,0.295,0.1848,0.7113,0.1545,0.5249,0.0673,0.0224,0.2899
r01_007_T1,9.2945,0.2721,5.3587,0.0624,0.6784,2.1227,4.2215,8.2714,13.0844,8.1965,4.2219,5.4907,2.937,3.0446,0.4573,0.9578,1.3236,0.7317,0.2848,0.2188,0.6949,0.1218,0.5273,0.0631,0.0259,0.3349,9.6398,0.2771,5.2443,0.0983,0.8365,1.6478,3.9431,9.1529,13.0796,8.3872,4.4541,4.1386,2.9079,2.9786,0.4505,0.9628,1.3288,0.8256,0.2743,0.2303,0.6874,0.1625,0.518,0.0732,0.0293,0.3147
r01_009_T1,10.7555,0.4459,5.6192,0.0679,0.7642,1.9752,4.0061,7.8295,13.419,7.7486,3.9556,5.4001,3.5122,3.1538,0.6114,0.9696,1.3283,0.8389,0.3206,0.1874,0.7743,0.1285,0.594,0.0623,0.0287,0.3621,11.2207,0.5042,5.9427,0.128,0.8158,1.6257,3.6857,8.5746,11.9323,8.4388,4.5535,4.0154,2.885,2.948,0.4056,0.9223,1.3636,0.9272,0.2774,0.2191,0.7704,0.1804,0.5558,0.0687,0.0273,0.3611
r01_011_T1,11.4666,0.4115,6.3299,0.0516,0.6212,1.9069,3.5934,8.0957,13.6696,8.5303,4.3604,5.4721,2.9043,2.9159,0.5146,0.7813,1.4582,0.8709,0.3151,0.1873,0.7629,0.126,0.5759,0.0688,0.0253,0.3722,11.5692,0.4188,6.3862,0.0925,0.7626,1.4809,3.3727,8.5203,13.582,8.1948,4.4814,4.203,2.9246,2.7744,0.5192,0.7915,1.4228,0.864,0.3097,0.1783,0.7113,0.1704,0.519,0.0575,0.0288,0.2927
r01_018_T1,8.6423,0.2771,5.7188,0.0426,0.5246,1.4906,3.2513,6.8106,10.3129,6.8671,3.9991,5.3755,2.8644,2.8495,0.5257,0.4778,1.3457,0.7969,0.2497,0.1945,0.6694,0.1266,0.5324,0.0641,0.0265,0.3636,8.7493,0.2881,5.7134,0.0756,0.6681,1.4433,3.1949,7.6135,10.3085,7.4336,4.4664,3.9845,2.7577,2.7001,0.5511,0.5164,1.2928,0.8563,0.2457,0.2637,0.6742,0.163,0.4734,0.0802,0.0276,0.3388
r01_019_T1,9.4431,0.3397,5.8866,0.0526,0.6073,1.7442,3.8262,8.0451,11.9916,6.3708,3.3321,4.6325,2.8593,2.9297,0.5349,0.9305,1.2468,0.7959,0.2721,0.2112,0.6494,0.1263,0.5145,0.0513,0.0106,0.3507,9.5182,0.385,5.9599,0.0953,0.7537,1.6202,3.8015,9.0475,12.417,7.84,4.0261,3.8572,2.9855,2.7125,0.5237,0.8621,1.2425,0.8648,0.2675,0.224,0.6473,0.1646,0.4916,0.0638,0.0068,0.3161
r01_022_T1,9.6331,0.4616,5.3662,0.0616,0.7094,1.9584,4.2334,8.4284,12.9335,8.2021,4.1438,5.3905,2.905,2.7207,0.5147,0.89,1.3873,0.7903,0.2625,0.225,0.7139,0.1281,0.5462,0.0803,0.0241,0.4077,9.8326,0.4359,5.4945,0.0779,0.8246,1.8665,4.1955,9.1363,12.802,7.8514,4.3482,4.1672,3.4109,2.949,0.554,0.9582,1.3236,0.8986,0.2432,0.2548,0.7002,0.1616,0.497,0.0729,0.0279,0.3358
r01_023_T1,9.709,0.3594,6.0688,0.0592,0.6534,1.651,3.5747,7.6176,11.7746,7.1106,4.4706,5.9704,3.0147,2.552,0.5369,0.742,1.3525,0.8853,0.2883,0.2446,0.7667,0.1488,0.5612,0.0681,0.0259,0.3785,9.6703,0.3285,5.7487,0.0924,0.6804,1.3859,3.7064,8.2764,12.0125,7.7678,4.7297,4.5004,3.2871,2.5118,0.546,0.7408,1.3574,0.9742,0.2978,0.2099,0.7372,0.1695,0.5521,0.0699,0.0245,0.3491
r01_026_T1,11.1546,0.4005,6.2493,0.0603,0.5877,1.6694,3.713,7.7448,11.0292,6.848,3.6901,4.9091,2.9188,2.7342,0.5068,0.6764,1.342,0.8232,0.2857,0.2829,0.7046,0.1219,0.5493,0.0533,0.0245,0.3566,11.0428,0.3633,6.2517,0.0854,0.7351,1.6053,3.6121,8.7264,11.3581,6.6224,3.8247,3.7784,2.9613,2.7054,0.5732,0.6781,1.2733,0.7935,0.3023,0.1781,0.6187,0.1397,0.4667,0.0476,0.0201,0.3019
r01_028_T1,9.4561,0.2979,5.2935,0.0541,0.5916,1.5332,3.5026,7.2281,11.3025,7.0746,3.6777,5.0465,2.9372,2.9497,0.5232,0.5848,1.2839,0.804,0.3075,0.1647,0.7195,0.1352,0.542,0.051,0.0196,0.3449,9.3121,0.3288,5.4246,0.079,0.5925,1.1687,3.1651,7.9421,11.0889,7.5988,4.3084,3.7105,2.891,2.8574,0.5365,0.6142,1.1982,0.8447,0.3025,0.1922,0.6339,0.1321,0.4457,0.0824,0.0214,0.257
r01_030_T1,11.1751,0.6233,5.8089,0.0478,0.6558,1.9067,4.0251,8.358,13.0411,7.8169,3.96,5.4189,3.2211,3.0145,0.5649,0.7535,1.432,0.8306,0.3407,0.1584,0.6816,0.1034,0.5397,0.0849,0.0248,0.3294,11.4332,0.6271,6.1134,0.0614,0.7575,1.675,3.9905,9.3254,13.2006,8.4314,4.35,4.2063,3.1888,2.88,0.5761,0.7289,1.3693,0.8833,0.3,0.1768,0.6809,0.1455,0.4983,0.0655,0.0249,0.2834
r01_031_T1,11.1467,0.4459,5.6186,0.0483,0.638,1.8395,3.5714,7.5475,11.16,7.2454,3.9931,5.1365,2.8105,2.3014,0.5317,0.5591,1.3574,0.8241,0.306,0.2027,0.7378,0.1158,0.5476,0.0395,0.0281,0.3592,11.403,0.4951,5.504,0.0948,0.6918,1.6085,3.5521,7.8102,10.8853,7.1467,4.3048,4.1979,2.8958,2.2955,0.5645,0.6156,1.3038,0.8878,0.2869,0.1682,0.7018,0.1673,0.5259,0.0519,0.0279,0.338
r01_035_T1,8.982,0.4995,5.1669,0.0539,0.5879,1.5476,3.3,6.8691,11.2213,6.4993,3.4602,4.5338,2.9281,2.6027,0.4697,0.7892,1.2498,0.7403,0.2739,0.1936,0.6196,0.1127,0.4695,0.058,0.0207,0.3121,9.1395,0.5016,5.184,0.0847,0.6524,1.3378,3.0165,7.5774,10.7439,6.8552,3.5824,3.5286,2.7331,2.5305,0.5255,0.8737,1.2537,0.7582,0.2457,0.2068,0.6213,0.1454,0.4706,0.0561,0.0271,0.2724
r01_036_T1,8.4274,0.4478,5.3032,0.069,0.6293,1.722,3.6583,7.0015,11.015,6.7512,3.6563,4.5749,2.3952,2.4906,0.4631,0.578,1.0301,0.7284,0.2992,0.1819,0.6313,0.1118,0.493,0.064,0.0198,0.3049,8.4528,0.3503,5.1265,0.0866,0.7543,1.4284,3.5201,7.7252,10.9303,7.0121,3.8571,3.3575,2.1991,2.5025,0.4608,0.6121,1.1077,0.8348,0.2658,0.1899,0.6626,0.1503,0.452,0.0644,0.0253,0.2936
r01_037_T1,11.2923,0.5812,6.4248,0.0518,0.6557,1.8254,3.7645,7.5436,11.0138,7.6361,4.6518,5.8258,2.9879,2.8299,0.475,0.584,1.3197,0.7843,0.2736,0.1548,0.6693,0.1088,0.5028,0.0455,0.0312,0.3158,11.6702,0.6896,6.3698,0.0712,0.6638,1.411,3.5442,7.9358,11.3425,8.7054,4.9828,4.0688,2.7302,2.6652,0.4925,0.6061,1.3564,0.7672,0.2894,0.1765,0.65,0.1286,0.5011,0.0412,0.0319,0.2909
r01_038_T1,9.0487,0.3942,5.4721,0.0536,0.5947,1.7677,3.7496,7.5808,11.3244,6.3951,3.797,5.2254,3.1044,2.3871,0.5107,0.6106,1.3351,0.7902,0.2552,0.1929,0.6569,0.1287,0.5324,0.0546,0.0216,0.3549,9.2993,0.4321,5.4605,0.0955,0.6069,1.4699,3.5162,8.2836,12.3316,7.6882,4.3866,3.8246,2.5029,2.3001,0.4355,0.5929,1.2835,0.8103,0.2722,0.2165,0.651,0.1532,0.4915,0.0619,0.0262,0.3179
r01_041_T1,11.0915,0.4944,5.9535,0.0708,0.8443,2.3556,4.4524,8.1891,13.3214,8.7899,4.5116,5.7778,3.423,3.107,0.6826,0.6059,1.4298,0.8629,0.3006,0.1718,0.7399,0.1346,0.5787,0.0839,0.0342,0.393,11.1249,0.5135,6.2491,0.109,0.9347,1.8505,4.1254,9.0934,13.4202,9.5196,5.1174,4.5461,3.3005,3.1212,0.5772,0.6365,1.3767,0.9354,0.2997,0.1921,0.7165,0.1605,0.563,0.0645,0.028,0.3399
r01_043_T1,8.9128,0.5078,6.5716,0.0802,0.7962,2.2071,4.042,8.365,14.4486,8.6091,4.4131,5.7873,3.0985,3.1114,0.5842,0.7856,1.3991,0.7953,0.3,0.1826,0.7459,0.1391,0.5876,0.0877,0.0281,0.4092,9.2642,0.4431,6.6341,0.115,0.9367,1.8694,3.9333,9.6041,14.8083,8.8108,4.8551,4.6639,3.0803,3.0543,0.6269,0.8232,1.4472,0.9003,0.2868,0.1976,0.7088,0.1769,0.5299,0.0516,0.0338,0.3182
r01_045_T1,10.0244,0.4503,5.8371,0.053,0.7427,1.8442,3.8124,7.9018,11.6336,7.5928,4.0418,5.2107,3.0065,3.047,0.4518,0.6866,1.3142,0.8242,0.2669,0.1553,0.7588,0.1292,0.5348,0.07,0.0236,0.3824,9.7758,0.4153,5.9602,0.0943,0.7815,1.7469,3.8935,8.6898,11.5203,7.802,4.488,4.0493,3.0101,2.9108,0.4625,0.6621,1.3368,0.8898,0.2701,0.1828,0.7661,0.1715,0.5397,0.068,0.0264,0.3615
r01_048_T1,9.8585,0.484,5.3222,0.0581,0.6415,1.6796,3.725,7.674,11.4617,6.03,3.3661,4.4584,2.5669,2.3227,0.5357,0.6407,1.2143,0.7874,0.2697,0.1743,0.662,0.1121,0.4979,0.0501,0.0255,0.3309,9.6113,0.4819,5.2077,0.0854,0.707,1.5318,3.6364,8.3296,11.6469,6.9863,3.8061,3.5504,2.4637,2.2234,0.5311,0.7792,1.2022,0.8413,0.2598,0.193,0.6437,0.1426,0.4879,0.0471,0.0227,0.3032
r01_049_T1,9.0267,0.4184,5.2046,0.031,0.5186,1.62,3.5857,7.2388,10.7161,6.9853,4.1269,5.1144,2.6863,2.4744,0.4665,0.6292,1.2874,0.7364,0.276,0.1657,0.6317,0.105,0.4899,0.0505,0.0223,0.3222,8.9872,0.4021,5.0543,0.068,0.5614,1.4026,3.6065,8.1432,10.0043,7.3335,4.6049,4.1288,2.7078,2.419,0.4936,0.6265,1.2731,0.791,0.2669,0.2078,0.6235,0.1302,0.456,0.0643,0.0262,0.2999
r01_051_T1,9.8422,0.3182,5.1129,0.0516,0.5696,1.6714,3.6637,7.3155,12.0774,6.9191,3.7885,5.1126,2.9229,2.7436,0.4906,0.5676,1.2351,0.8025,0.2839,0.1383,0.6661,0.1146,0.5256,0.0487,0.0035,0.321,9.963,0.3364,5.3996,0.0813,0.6445,1.4831,3.555,8.1327,12.5413,7.0779,4.0264,3.8146,2.7342,2.5252,0.5211,0.6279,1.1358,0.7903,0.2693,0.1697,0.6373,0.1463,0.4726,0.0439,0.0189,0.2803
r01_054_T1,10.181,0.3489,4.7202,0.0616,0.6331,1.6817,3.4958,7.1857,11.0766,6.5833,3.476,4.721,2.9146,2.4552,0.4362,0.6212,1.3406,0.7818,0.2507,0.2006,0.6653,0.122,0.4902,0.0556,0.0183,0.3302,10.0343,0.4061,4.7585,0.0968,0.7143,1.4159,3.5471,8.0095,11.5415,6.7131,3.7984,3.8725,2.5035,2.3098,0.4186,0.626,1.3116,0.8179,0.2629,0.2264,0.6637,0.158,0.4931,0.0695,0.0272,0.301
r01_055_T1,9.3553,0.47,5.3168,0.0659,0.8211,1.9588,3.7364,7.8268,13.7096,8.8452,5.2425,6.7456,3.4672,2.9876,0.4939,0.6835,1.2786,0.7698,0.2816,0.1289,0.666,0.1296,0.5083,0.0431,0.0222,0.366,9.6128,0.427,5.5024,0.1165,0.8028,1.7004,3.5758,8.8737,13.2185,9.5709,5.5609,4.7581,3.1162,2.9788,0.4823,0.7536,1.2749,0.8092,0.2593,0.1771,0.641,0.1484,0.4738,0.0492,0.0211,0.3056
r01_056_T1,8.9459,0.462,5.4522,0.0489,0.563,1.6644,3.5778,7.2514,10.9975,7.0592,3.8687,4.8931,2.6984,2.2537,0.4697,0.6223,1.2866,0.7737,0.2948,0.183,0.6672,0.1123,0.5334,0.0513,0.028,0.352,8.8345,0.4061,5.3025,0.0815,0.6887,1.5448,3.6806,7.8728,10.8135,7.319,4.4116,3.9372,2.5896,2.1348,0.4332,0.596,1.2762,0.8371,0.2832,0.1802,0.6923,0.1538,0.4954,0.0679,0.0232,0.3138
r01_058_T1,10.6033,0.4421,5.6089,0.0561,0.6709,1.6842,3.5366,7.6973,13.0896,6.9593,3.5187,4.6274,2.505,2.1519,0.5151,0.6859,1.2637,0.7738,0.2654,0.1817,0.6943,0.1425,0.5348,0.0665,0.0223,0.3319,10.5275,0.389,5.5542,0.0868,0.7561,1.5303,3.3905,8.6803,12.7286,7.5036,3.7705,3.5091,2.2866,1.9902,0.482,0.7068,1.2675,0.8481,0.2664,0.2134,0.6757,0.1598,0.4843,0.077,0.0223,0.3012
r01_068_T1,9.6417,0.4793,5.8248,0.0469,0.5973,1.7449,3.4658,6.9431,10.6886,6.7566,3.7961,5.1135,2.5923,2.1469,0.4881,0.7103,1.1663,0.8414,0.2517,0.2669,0.7116,0.1431,0.524,0.0947,0.0279,0.3545,10.043,0.5313,5.6322,0.0696,0.6663,1.3715,3.3593,8.0008,10.8904,6.8802,4.1724,4.0127,2.6105,2.2379,0.551,0.771,1.2243,0.8986,0.286,0.2452,0.7301,0.1632,0.4994,0.08,0.0292,0.3186
r01_069_T1,10.1971,0.5957,5.2254,0.047,0.5103,1.5696,3.7904,8.1536,12.1578,7.0629,3.7699,4.9364,2.544,2.4544,0.4352,0.6731,1.3741,0.8483,0.2812,0.2188,0.7403,0.1546,0.5429,0.0592,0.0203,0.3827,10.2472,0.5223,5.2814,0.0758,0.5974,1.323,3.7423,9.1778,12.012,7.343,4.2577,3.7842,2.3648,2.3423,0.4621,0.6749,1.3453,0.904,0.2677,0.2196,0.713,0.1814,0.497,0.0576,0.0262,0.3413
r01_070_T1,10.0867,0.4859,4.8221,0.0491,0.6184,1.7469,3.7708,7.7065,11.0743,6.2327,3.8156,5.1057,2.5983,2.4158,0.4331,0.6277,1.19,0.7812,0.2667,0.1747,0.6778,0.109,0.5095,0.0692,0.0186,0.3413,10.1355,0.472,4.8908,0.0715,0.6382,1.4836,3.7102,8.9209,11.3611,6.677,4.1234,3.7156,2.6189,2.2128,0.5116,0.6696,1.2157,0.7901,0.2567,0.158,0.6412,0.1542,0.465,0.0671,0.0242,0.2972
r01_073_T1,10.5504,0.5649,5.5341,0.0533,0.6489,1.733,3.896,8.7221,12.7206,8.1126,4.6088,6.152,3.4891,3.1859,0.5524,0.7917,1.3304,0.7984,0.3237,0.1579,0.642,0.0858,0.5129,0.066,0.0257,0.3279,10.8242,0.6466,5.745,0.0865,0.7309,1.5497,3.7251,9.3982,12.7511,8.7084,5.2381,5.0364,3.5161,2.9157,0.5697,0.8255,1.2332,0.8544,0.2882,0.1997,0.6676,0.1414,0.478,0.0478,0.0285,0.2828
r01_074_T1,9.3098,0.5568,5.3474,0.0653,0.6023,1.5519,3.4101,6.9547,11.493,6.9771,3.664,4.9961,2.453,2.4719,0.4338,0.5757,1.2682,0.7342,0.2539,0.194,0.6374,0.1268,0.4822,0.0635,0.0249,0.3332,9.295,0.4889,5.2927,0.1004,0.6932,1.34,3.3676,7.7792,10.1221,7.4289,3.8928,3.5318,2.4461,2.2984,0.3945,0.6263,1.2762,0.8065,0.2626,0.202,0.643,0.1425,0.4684,0.0578,0.0224,0.299
r01_075_T1,10.6323,0.496,6.0462,0.0656,0.7112,1.807,3.7595,7.8145,12.0341,6.9906,4.2058,5.3203,3.156,2.9335,0.5344,0.7686,1.3464,0.9093,0.3243,0.2126,0.7636,0.1412,0.5668,0.0632,0.0266,0.3734,10.7678,0.4498,6.0721,0.099,0.7663,1.5064,3.7325,9.0228,12.8335,7.6137,4.2875,3.8645,3.0746,2.7717,0.5171,0.8341,1.4145,0.9957,0.3053,0.2259,0.7561,0.1886,0.5213,0.0726,0.0312,0.3451
r01_077_T1,10.0314,0.5475,5.7927,0.0489,0.6257,1.8703,3.8303,7.6103,12.5419,7.36,3.5876,4.8614,3.0868,2.9712,0.5698,0.6873,1.4375,0.8109,0.2598,0.1633,0.731,0.1395,0.5634,0.0553,0.0229,0.3782,10.1881,0.4558,5.8292,0.0837,0.6867,1.5646,3.768,9.2019,12.4762,7.582,4.1007,3.7261,3.1273,2.9089,0.5827,0.7613,1.464,0.891,0.273,0.2039,0.6878,0.1766,0.5371,0.0571,0.0292,0.3321
r01_078_T1,10.8965,0.3778,6.3928,0.0679,0.6719,1.8981,4.2241,7.9814,12.9213,8.5002,4.7605,6.085,3.4887,2.8111,0.5511,0.8523,1.2755,0.8072,0.3529,0.1832,0.7001,0.1001,0.5674,0.0353,0.0319,0.2985,10.8681,0.4458,6.7197,0.1092,0.802,1.7179,3.8171,9.3081,12.6458,9.234,5.5184,4.7725,3.0944,2.7556,0.5724,0.934,1.274,0.9439,0.3226,0.189,0.7642,0.1781,0.5642,0.0737,0.0392,0.3593
r01_080_T1,9.7781,0.5863,5.5078,0.0519,0.5925,1.7924,3.7204,8.3439,12.843,7.8869,4.6004,5.6789,3.5141,3.0165,0.5194,0.783,1.2373,0.7278,0.2811,0.1344,0.6414,0.1004,0.5066,0.0555,0.0287,0.3197,9.7429,0.5396,5.5296,0.0809,0.7236,1.5239,3.7502,9.1895,12.647,8.3122,4.9173,4.7076,3.414,2.9053,0.5081,0.7714,1.2318,0.8101,0.2648,0.1499,0.6353,0.1459,0.4672,0.0551,0.0283,0.3002
r01_083_T1,8.6983,0.4748,5.5173,0.0497,0.5822,1.6831,3.4627,7.2842,11.269,6.7501,4.0897,4.8635,2.7894,3.0196,0.5671,0.6485,1.2382,0.7357,0.2507,0.192,0.6593,0.1245,0.4955,0.051,0.0222,0.3512,8.6969,0.4728,5.6614,0.0916,0.661,1.3869,3.2505,8.1363,11.3685,7.338,4.1931,3.8029,2.7985,2.8508,0.497,0.6435,1.2494,0.8047,0.2544,0.198,0.6592,0.154,0.4735,0.0631,0.0304,0.3112
r01_084_T1,9.4989,0.4773,5.583,0.0554,0.643,1.6576,3.5198,8.0138,12.5872,6.4047,3.1973,5.0713,2.8962,2.8564,0.5353,0.618,1.1743,0.758,0.2507,0.1459,0.6544,0.1239,0.5079,0.0455,0.0274,0.3242,9.7074,0.3563,5.5267,0.0792,0.7295,1.381,3.567,8.6769,11.9101,6.7497,3.8303,3.5168,2.7414,2.6643,0.545,0.5923,1.0148,0.8018,0.2409,0.1878,0.6162,0.1505,0.4353,0.0468,0.0249,0.2641
r01_090_T1,9.1982,0.3216,5.624,0.0511,0.6099,1.6279,3.2042,6.6216,9.3265,6.804,3.9333,5.2403,3.0557,2.7257,0.4918,0.6622,1.2694,0.7462,0.2826,0.1495,0.6729,0.14,0.5024,0.0666,0.0258,0.3407,9.1894,0.3633,5.7294,0.0833,0.7743,1.578,3.523,7.9479,9.9634,7.2089,4.5012,4.2091,3.0679,2.5996,0.4406,0.7362,1.2303,0.8438,0.2575,0.1395,0.6588,0.1553,0.4956,0.0705,0.0275,0.2993
r01_093_T1,10.4843,0.5398,6.3326,0.0642,0.7433,1.8868,3.8968,9.0405,13.9144,7.9155,4.3967,6.0416,3.4279,3.4222,0.611,0.6947,1.674,0.9403,0.3587,0.1989,0.8639,0.1479,0.631,0.0738,0.0228,0.4156,10.5841,0.5628,6.4188,0.0858,0.778,1.7878,3.9977,9.9124,14.0802,8.6757,4.9768,4.642,3.4684,3.0847,0.6914,0.7347,1.5733,1.033,0.316,0.2268,0.8156,0.1931,0.5929,0.0768,0.0372,0.3937
r01_094_T1,10.9721,0.6824,6.0697,0.0529,0.6561,1.8394,3.9458,8.3859,12.9909,6.9818,4.3838,5.6487,3.3651,3.3918,0.5865,0.6846,1.426,0.7795,0.3187,0.1906,0.7068,0.1247,0.5227,0.0517,0.0289,0.3432,10.9597,0.6584,6.0108,0.0773,0.7259,1.5964,3.7252,9.4012,13.0425,7.5941,4.5759,4.1451,3.063,3.3618,0.5698,0.8198,1.4013,0.8876,0.2834,0.25,0.6998,0.156,0.5226,0.0686,0.0333,0.3094
r01_095_T1,9.5704,0.4743,5.3045,0.0589,0.5587,1.5347,3.3924,6.4859,9.2848,6.2018,3.6836,4.5205,2.9828,2.6125,0.506,0.6015,1.27,0.7247,0.2644,0.1695,0.6457,0.1157,0.492,0.0732,0.0216,0.3589,9.4853,0.3744,5.3525,0.0811,0.6712,1.2872,3.1769,7.2203,9.2457,6.7433,4.0345,3.6301,2.595,2.4173,0.4514,0.5977,1.2361,0.7259,0.2403,0.2211,0.6167,0.156,0.4604,0.0611,0.0242,0.3075
r01_096_T1,10.6189,0.3564,5.6029,0.0728,0.7427,1.8201,3.7169,7.5592,11.4708,7.6364,4.5522,5.6832,3.2982,3.151,0.5042,0.6073,1.4047,0.8108,0.2995,0.1874,0.7005,0.1151,0.5404,0.0501,0.0246,0.3656,10.6752,0.369,5.6369,0.0993,0.8284,1.679,3.8588,8.4978,11.4369,8.7231,4.9186,4.5336,3.35,2.9739,0.5501,0.682,1.4146,0.844,0.2928,0.1819,0.7089,0.1466,0.5216,0.0578,0.0258,0.3225
r01_104_T1,13.7767,0.6009,7.4611,0.0687,0.8086,2.577,5.0381,10.1285,16.1112,10.4391,5.7011,7.4861,4.1751,3.947,0.6645,1.012,1.6904,0.9743,0.3845,0.1721,0.906,0.1447,0.6825,0.0723,0.035,0.4039,13.7169,0.6672,7.6374,0.1112,0.8579,2.1001,4.9385,12.0038,16.3402,10.6344,6.3664,5.9009,4.0268,3.7079,0.7173,1.0856,1.6512,0.9237,0.3498,0.1906,0.7857,0.1662,0.5542,0.055,0.0338,0.3468
r01_105_T1,10.4831,0.6054,6.0717,0.0549,0.6327,1.8069,3.8034,8.3009,13.3681,7.4157,3.762,5.05,2.8364,2.8587,0.458,0.74,1.3787,0.8228,0.2745,0.2569,0.7352,0.1382,0.5509,0.0556,0.033,0.3802,10.5774,0.4865,6.044,0.09,0.686,1.5962,3.4805,9.2047,13.9106,8.3427,4.0648,3.449,2.6041,2.7072,0.5052,1.0098,1.3363,0.8378,0.2668,0.2358,0.6678,0.1468,0.4644,0.0517,0.0277,0.2838
r01_109_T1,10.8433,0.4931,6.3274,0.0489,0.6631,1.836,4.0468,7.7423,12.3026,7.1102,3.7172,5.5195,3.5661,2.9816,0.5617,0.731,1.5666,0.8653,0.3324,0.1933,0.7158,0.1132,0.5524,0.0756,0.0286,0.3624,10.977,0.4972,6.2548,0.0994,0.7776,1.5302,3.9174,8.8059,13.2544,8.169,4.2407,4.1177,3.1949,2.8382,0.5171,0.7543,1.5902,0.8919,0.3241,0.2238,0.7298,0.1459,0.5363,0.07,0.0291,0.3298
r01_111_T1,10.0595,0.4712,5.129,0.0548,0.589,1.6324,3.3781,6.6857,9.7743,6.4956,3.5355,4.4065,2.4027,2.2165,0.4889,0.5824,1.2593,0.775,0.2815,0.1631,0.6854,0.1139,0.5176,0.0584,0.0224,0.3321,9.7468,0.4502,5.1464,0.0768,0.6747,1.339,3.3439,7.5912,10.0488,7.2436,3.8248,3.4699,2.4037,2.0472,0.3833,0.6616,1.2627,0.846,0.2708,0.1805,0.6909,0.1472,0.4898,0.0646,0.0219,0.3196
r01_113_T1,8.8054,0.2294,5.5777,0.0807,0.7621,1.8781,3.7227,6.5784,10.6681,5.5302,3.0228,4.0712,2.3834,2.4083,0.6691,1.6122,1.1373,0.8864,0.2828,0.2646,0.7561,0.1272,0.5754,0.0978,0.0319,0.3884,9.7188,0.3499,5.5861,0.1121,0.8503,1.4969,3.5285,7.0429,10.501,6.13,3.2897,2.8818,2.1511,2.2227,0.5073,1.955,0.8951,0.8471,0.2534,0.3343,0.6196,0.1369,0.4564,0.0747,0.024,0.2998
r01_114_T1,11.2322,0.7188,6.3198,0.069,0.6612,1.929,4.209,8.2546,12.5877,7.9267,4.1486,5.6871,3.525,2.7538,0.6238,0.7005,1.4209,0.846,0.2895,0.1612,0.7551,0.1414,0.5981,0.0477,0.0232,0.3555,11.3504,0.6464,6.2097,0.0916,0.7612,1.6444,3.9136,8.8289,11.5106,8.1629,4.7722,4.5737,3.1826,2.6063,0.5882,0.7308,1.4314,0.8245,0.3118,0.1455,0.7131,0.1508,0.5556,0.043,0.0235,0.3148
r01_115_T1,9.5592,0.2943,5.9986,0.04,0.4731,1.3719,2.7068,7.0824,11.4389,7.5269,4.2747,5.0846,2.4195,2.6571,0.4908,0.9029,1.0062,0.7522,0.2859,0.2479,0.6377,0.1023,0.4919,0.0595,0.0006,0.3026,9.7149,0.5405,5.621,0.0705,0.6844,1.279,2.9217,7.7734,11.4575,7.9639,4.6101,3.838,2.0788,2.5608,0.5099,1.0331,0.9727,0.8437,0.25,0.2293,0.6451,0.1534,0.4922,0.0703,0.0267,0.2871
r01_116_T1,10.9016,0.4635,5.7335,0.0563,0.6158,1.629,3.363,7.5466,11.3637,6.9888,3.5916,5.2512,3.009,2.8001,0.4612,0.6894,1.4375,0.8788,0.2837,0.2248,0.7695,0.143,0.5937,0.0816,0.0273,0.3792,11.181,0.5022,5.7435,0.0927,0.6915,1.3448,3.276,8.0697,10.8885,7.1734,3.9634,3.9972,2.8985,2.8077,0.4912,0.7302,1.4208,0.939,0.2776,0.2188,0.741,0.174,0.5459,0.0853,0.025,0.3525
r01_117_T1,10.3521,0.4658,5.9945,0.0659,0.6735,2.0969,4.1644,7.97,11.9058,6.9032,3.7082,5.2617,3.1383,2.8353,0.5564,1.0581,1.4117,0.8031,0.3561,0.261,0.7015,0.1097,0.5402,0.0683,0.0267,0.3346,10.463,0.523,5.9643,0.1001,0.8404,1.7928,3.9568,9.0451,12.7488,8.0302,4.2121,3.9715,2.8384,2.6389,0.534,0.9919,1.3155,0.8073,0.3179,0.1838,0.6788,0.1445,0.495,0.061,0.0249,0.3042
r01_118_T1,9.646,0.3596,5.1389,0.0491,0.5451,1.5406,3.5329,8.117,13.272,7.8578,4.0084,5.6184,3.3238,3.2428,0.5646,0.8132,1.3666,0.7714,0.2936,0.1135,0.6715,0.1106,0.5257,0.0448,0.0309,0.3348,9.9925,0.334,5.3657,0.0892,0.6613,1.3717,3.4134,8.8983,11.9177,7.4256,4.3367,4.2721,3.1067,2.9424,0.5836,0.8198,1.3693,0.8153,0.2784,0.1632,0.6515,0.1603,0.4838,0.0405,0.0257,0.3125
r01_119_T1,10.6918,0.4715,5.973,0.0649,0.7005,1.8188,4.0655,8.4693,12.7995,7.4294,4.2526,5.6209,3.2032,2.8954,0.4872,0.7197,1.5106,0.7948,0.3451,0.1301,0.7341,0.1234,0.5673,0.06,0.029,0.3836,10.9762,0.4615,5.9863,0.1198,0.8253,1.641,4.2049,9.6743,12.6965,8.2149,4.5569,4.0388,3.1889,2.9406,0.4842,0.7721,1.4585,0.9542,0.3108,0.178,0.7476,0.19,0.5564,0.0792,0.0289,0.3538
r01_120_T1,11.0922,0.5376,6.3428,0.0597,0.746,2.2898,4.6444,9.5677,14.7944,8.8048,4.97,6.0375,3.343,3.4914,0.6551,0.8964,1.4684,0.8398,0.3009,0.1762,0.7317,0.1296,0.5494,0.0483,0.0312,0.3928,11.2162,0.5154,6.3598,0.0941,0.8018,1.8397,4.529,10.2553,15.5388,9.9318,5.6752,4.8113,3.1195,3.2997,0.6632,0.9546,1.4442,0.8905,0.2918,0.2041,0.678,0.1552,0.5074,0.0598,0.0293,0.3229
r01_121_T1,9.8226,0.2985,5.3523,0.0523,0.5437,1.673,3.6298,7.1237,11.4465,7.1846,3.7005,4.5468,2.4906,2.8152,0.5198,0.5811,1.3876,0.9027,0.3302,0.1655,0.7936,0.1317,0.5894,0.0684,0.0273,0.3695,9.9749,0.3314,5.3085,0.0837,0.6235,1.2987,3.2626,7.5635,11.0358,7.7381,4.0654,3.5694,2.4531,2.7141,0.4785,0.6854,1.4203,0.954,0.3142,0.1338,0.7537,0.1591,0.5477,0.0538,0.0261,0.3341
r01_123_T1,9.6048,0.4355,5.4825,0.0513,0.6807,1.7303,3.4581,7.1474,10.6633,6.7681,3.7402,4.5418,2.5458,2.4311,0.4696,0.6455,1.326,0.7855,0.2813,0.1652,0.6938,0.1362,0.5428,0.0544,0.0244,0.3739,9.8627,0.385,5.6738,0.0928,0.7453,1.482,3.4527,7.6671,10.4406,7.533,4.059,3.4538,2.3108,2.4992,0.478,0.8782,1.2492,0.8306,0.2651,0.1666,0.6802,0.1564,0.4741,0.0454,0.0194,0.3035
r01_126_T1,11.9969,0.4976,5.9779,0.0681,0.742,1.9261,3.8063,7.7494,11.0952,7.4095,4.4315,5.5935,3.0485,2.6884,0.5311,0.6668,1.4629,0.8185,0.2766,0.1848,0.7174,0.1401,0.5565,0.0675,0.0348,0.3398,12.012,0.4345,6.396,0.0905,0.8253,1.6441,4,8.205,10.4617,7.7851,4.7644,4.5287,3.109,2.7346,0.543,0.773,1.4491,0.9208,0.2689,0.1748,0.7306,0.1581,0.5433,0.0699,0.0311,0.3573
r01_127_T1,9.5483,0.6155,5.3427,0.0551,0.6318,1.8933,3.9653,7.588,11.4839,6.7924,3.7208,5.127,2.9738,2.6495,0.449,0.8701,1.1626,0.7759,0.2477,0.2009,0.6616,0.112,0.4868,0.0612,0.0275,0.3442,9.743,0.5364,4.9491,0.0804,0.6553,1.5784,3.7715,8.1432,11.1738,7.3731,3.9593,3.8793,2.5972,2.6693,0.4818,0.8264,1.1745,0.8751,0.2347,0.1958,0.6718,0.178,0.4891,0.0747,0.0245,0.3032
r01_128_T1,10.1996,0.3763,5.7272,0.0544,0.6399,1.7112,3.7981,7.3466,10.7531,6.522,3.4947,4.6605,2.6622,2.7443,0.4304,0.7129,1.366,0.8474,0.2839,0.1975,0.7351,0.1301,0.5417,0.0741,0.0226,0.3762,10.3336,0.3833,5.6134,0.0955,0.6961,1.553,3.5934,8.2792,11.9284,7.7418,4.1391,3.798,2.6949,2.6265,0.4019,0.7439,1.3564,0.8705,0.3003,0.1989,0.7334,0.1664,0.5449,0.0582,0.0163,0.3245
r01_129_T1,11.5134,0.3299,5.6212,0.0744,0.7745,2.1314,4.5269,9.0709,13.9564,8.2572,4.8145,6.7171,3.8878,3.641,0.5283,0.9284,1.6044,0.8611,0.3453,0.1696,0.7104,0.0955,0.5702,0.0549,0.0275,0.3357,11.3294,0.3703,5.9813,0.091,0.9492,1.8723,4.5983,10.0837,14.4905,9.2811,5.1858,5.0424,3.7912,3.3615,0.5245,0.9245,1.5862,0.9496,0.2984,0.1996,0.7666,0.1727,0.5562,0.0582,0.0252,0.3332
r01_130_T1,9.9707,0.4378,5.855,0.0562,0.6563,1.5107,3.287,6.867,11.2729,6.6554,3.8426,4.5737,2.8039,2.8722,0.4924,1.9551,1.179,0.8279,0.2951,0.2616,0.7506,0.128,0.5363,0.0938,0.0322,0.3493,10.0581,0.3738,5.7216,0.1047,0.8087,1.3821,3.2216,7.7931,9.8648,6.9222,4.0056,3.9273,3.0309,3.038,0.537,2.3408,1.0598,0.9024,0.2734,0.2479,0.7066,0.171,0.4817,0.0809,0.0276,0.3055
r01_131_T1,11.1538,0.2601,6.3119,0.0425,0.5454,1.7644,4.0136,7.689,11.0104,7.452,4.6289,6.0196,3.4335,3.4053,0.5056,0.668,1.6785,0.9089,0.3601,0.2757,0.746,0.125,0.5846,0.0917,0.0275,0.369,11.2731,0.3629,6.3011,0.0652,0.6538,1.5688,3.7743,8.8316,12.0031,8.3577,5.1015,4.6519,3.4125,3.2479,0.5201,0.6846,1.5871,0.955,0.3069,0.201,0.7674,0.1676,0.5616,0.0726,0.0298,0.3531
r01_132_T1,8.6931,0.5627,4.4331,0.0561,0.6141,1.4627,3.312,6.6786,11.1655,6.7262,3.5928,4.6781,2.8423,2.8385,0.456,0.5717,1.3187,0.805,0.2855,0.1588,0.6401,0.0933,0.5245,0.0444,0.0244,0.3113,8.8786,0.5338,4.3688,0.0941,0.603,1.2752,3.1108,7.522,10.1109,6.72,4.0271,3.7553,2.8334,2.7509,0.4635,0.5843,1.254,0.7831,0.2673,0.1626,0.612,0.122,0.467,0.0459,0.031,0.2705
r01_133_T1,9.8659,0.3599,5.4464,0.0496,0.6392,1.868,3.8685,7.4978,10.8355,6.3527,3.3793,4.4002,2.6759,2.5323,0.4348,0.6077,1.2162,0.763,0.264,0.2114,0.6922,0.1235,0.5149,0.064,0.0243,0.3343,10.0211,0.3524,5.558,0.0723,0.6912,1.4632,3.6404,8.5103,11.2976,6.7615,3.5316,3.3545,2.5939,2.4266,0.463,0.6334,1.2467,0.8523,0.2587,0.2387,0.6617,0.152,0.4688,0.0778,0.0276,0.3035
trt_106A_T1,8.3578,0.3681,5.1732,0.0555,0.6193,1.6333,3.6304,7.1547,11.3575,7.3856,3.9138,5.1419,2.8775,2.4781,0.4936,0.6588,1.3629,0.8096,0.2952,0.2053,0.7231,0.128,0.5418,0.0839,0.0224,0.3678,8.4497,0.3549,5.058,0.0867,0.7005,1.4557,3.4835,8.0453,11.9988,7.916,4.3942,4.1568,2.81,2.4434,0.4668,0.7809,1.2985,0.862,0.2924,0.2269,0.6679,0.1331,0.4529,0.0603,0.0274,0.2836
trt_108A_T1,8.464,0.3712,5.2592,0.0466,0.5373,1.5621,3.4749,7.0909,10.7876,6.4555,3.4142,4.2284,2.4016,2.3442,0.4368,0.5401,1.2643,0.6396,0.2581,0.1917,0.5627,0.0924,0.4169,0.0347,0.0202,0.2848,8.5205,0.3782,5.1258,0.0649,0.5873,1.3447,3.4332,8.0591,11.2009,6.492,3.5322,3.4353,2.4385,2.3462,0.4213,0.5759,1.1841,0.749,0.2241,0.2004,0.5684,0.138,0.4129,0.0606,0.0251,0.2922
trt_110A_T1,8.5528,0.2689,4.8083,0.0518,0.5875,1.4703,3.4426,7.7065,13.0511,7.1296,4.0914,5.5913,3.1121,2.9633,0.5915,0.7149,1.4905,0.7619,0.29,0.1277,0.6933,0.1182,0.5101,0.0482,0.0159,0.3675,8.7142,0.2737,4.9262,0.0786,0.6443,1.4565,3.6414,8.7187,11.9607,7.4328,4.3026,4.007,2.97,2.7187,0.5551,0.7769,1.4427,0.7675,0.2641,0.1453,0.6222,0.1513,0.4696,0.048,0.0265,0.2958
trt_112A_T1,10.2091,0.3051,6.2432,0.075,0.757,2.18,4.2462,8.5973,14.33,9.2489,5.0363,6.0211,4.061,3.648,0.6513,0.7371,1.5051,0.8763,0.3313,0.1925,0.747,0.1344,0.5633,0.0779,0.0283,0.3987,10.1736,0.3679,6.1824,0.1104,0.8452,1.9098,4.0918,9.9889,13.8693,9.4216,5.7853,5.0673,3.5562,3.4922,0.6804,0.8187,1.4186,0.8581,0.3071,0.1824,0.6613,0.1343,0.5149,0.0461,0.0312,0.3031
trt_113B_T1,10.1856,0.4425,5.6561,0.0502,0.6394,1.6878,3.64,7.7313,11.8084,6.9086,3.7255,5.2867,2.9355,2.4015,0.5108,0.6247,1.3148,0.7992,0.2875,0.1762,0.6896,0.1082,0.5017,0.0542,0.0237,0.3428,10.0404,0.438,5.4817,0.0834,0.7501,1.5346,3.528,8.165,11.2587,7.5496,4.2421,4.0803,2.6911,2.3163,0.55,0.6588,1.3103,0.8036,0.2825,0.2191,0.6215,0.1445,0.4852,0.0537,0.0285,0.2823
trt_114A_T1,11.0652,0.4972,5.708,0.0698,0.804,1.9138,4.146,8.5665,11.7743,7.0814,3.9774,5.1278,2.5206,2.2086,0.4811,0.7904,1.3976,0.8518,0.302,0.1483,0.7322,0.1148,0.5605,0.0451,0.0267,0.3461,10.8682,0.4839,5.7246,0.113,0.8137,1.5992,4.0475,9.0833,11.5637,7.5105,4.3382,3.9172,2.4459,2.1529,0.5367,0.8362,1.4707,0.8732,0.282,0.2068,0.6742,0.1624,0.5331,0.0479,0.027,0.333
trt_115B_T1,10.7755,0.3401,5.8443,0.0664,0.7866,1.9826,4.232,8.5293,12.178,7.8292,4.4187,5.4604,2.7476,2.2127,0.4443,0.6753,1.4087,0.8312,0.2763,0.142,0.7259,0.1398,0.5499,0.0577,0.0164,0.3842,10.731,0.356,5.9283,0.1203,0.8705,1.6163,3.7842,9.1491,12.6229,8.4753,4.9339,4.389,2.7147,2.3333,0.4468,0.8082,1.3895,0.8028,0.2628,0.1584,0.6293,0.1363,0.4917,0.0456,0.0149,0.2854
trt_116B_T1,9.2264,0.4764,4.9465,0.0603,0.6255,1.5553,3.4036,6.2508,10.3095,6.5289,3.4172,4.5146,2.6431,2.4071,0.5109,0.6014,1.2353,0.7464,0.2458,0.1857,0.6569,0.1256,0.477,0.0519,0.0197,0.3169,9.2276,0.3891,5.0293,0.0981,0.6377,1.3169,3.1445,7.3295,9.8616,6.8149,3.7068,3.5592,2.6045,2.371,0.5283,0.6335,1.2204,0.7885,0.2508,0.2081,0.6426,0.1478,0.45,0.0535,0.0207,0.3146
trt_117A_T1,11.2263,0.5406,5.7016,0.0474,0.631,1.7658,3.6884,7.5771,11.0551,7.0576,3.8102,5.1737,3.0111,2.6654,0.4944,0.6165,1.4827,0.912,0.2974,0.1528,0.8042,0.1428,0.5665,0.0806,0.0295,0.364,11.0057,0.4658,5.7607,0.0692,0.7452,1.7107,3.7392,8.3701,11.4658,7.7815,4.4491,4.4186,2.9252,2.7143,0.4671,0.699,1.387,0.9646,0.2873,0.1632,0.7758,0.1743,0.5263,0.0965,0.0304,0.3345
trt_118B_T1,9.646,0.3329,5.7052,0.0608,0.6477,1.7116,3.6504,7.8429,13.0047,8.1365,4.2466,5.4545,3.0852,2.3414,0.4622,0.7786,1.3875,0.8301,0.2911,0.1288,0.7105,0.1331,0.5498,0.0424,0.0319,0.3582,9.7799,0.4092,5.7504,0.0985,0.7428,1.4599,3.3978,8.5212,12.2207,8.5456,4.6841,4.1176,2.7953,2.3876,0.443,0.8312,1.3131,0.8563,0.2723,0.1415,0.6806,0.1559,0.4998,0.0516,0.0244,0.3233
trt_120B_T1,10.6392,0.5425,5.7379,0.0584,0.69,1.878,4.1306,8.5746,12.8711,8.1222,4.4883,5.6051,3.138,2.8318,0.4942,0.7641,1.3344,0.8651,0.3153,0.1616,0.7539,0.1221,0.5692,0.046,0.0242,0.3582,10.9784,0.4946,5.6359,0.1112,0.7847,1.6252,3.917,9.5118,12.4162,8.8377,4.8438,4.3333,3.19,2.8502,0.5045,0.7777,1.2736,0.9022,0.2997,0.213,0.7476,0.1713,0.5408,0.0589,0.0315,0.3145
trt_121B_T1,9.8821,0.485,5.149,0.0386,0.5517,1.7224,3.9358,8.1274,12.5378,7.6239,4.6319,6.2723,3.2299,2.6754,0.5189,0.7461,1.329,0.8661,0.3211,0.1676,0.763,0.1197,0.573,0.0838,0.0256,0.3505,9.8777,0.5179,5.3201,0.0716,0.6346,1.3348,3.8032,9.1678,12.5183,8.3571,4.9171,4.7442,3.1893,2.7206,0.5371,0.8011,1.3048,0.9815,0.2944,0.2107,0.788,0.1837,0.56,0.0866,0.0279,0.3668
trt_124B_T1,11.2042,0.3175,6.4167,0.0521,0.6386,1.8319,4.2808,9.2448,14.4001,9.0989,4.5976,6.0457,3.2642,3.2229,0.5905,0.7947,1.5037,0.8599,0.3319,0.1546,0.7197,0.1264,0.5733,0.0388,0.0301,0.3585,11.3825,0.3967,6.7086,0.0849,0.7457,1.7564,4.12,9.8643,13.5353,9.1675,5.1328,4.6067,2.9754,2.9569,0.5766,0.8431,1.4523,0.822,0.3273,0.1405,0.6844,0.1487,0.5,0.0438,0.0298,0.3202
trt_132A_T1,10.6124,0.4937,5.9037,0.0686,0.7042,1.7859,4.0191,8.0442,11.4419,7.0674,4.0112,5.7387,3.047,2.5689,0.5905,0.6228,1.4174,0.8295,0.3357,0.1653,0.7384,0.1182,0.5535,0.0553,0.0251,0.3677,10.451,0.4217,5.936,0.1064,0.7842,1.6039,4.0113,9.221,11.9231,8.406,4.6148,4.0545,2.5759,2.3881,0.5538,0.6616,1.3664,0.8805,0.3413,0.1504,0.6481,0.1415,0.5042,0.0498,0.0289,0.3079
trt_133B_T1,10.6825,0.5314,5.3974,0.0533,0.7342,1.8751,4.211,8.0308,11.5919,6.9078,4.3144,5.9346,3.8088,3.4044,0.6121,0.773,1.4847,0.7854,0.2809,0.1557,0.6916,0.1326,0.5399,0.0648,0.0235,0.3755,10.8405,0.4808,5.4219,0.0851,0.7187,1.7969,4.0021,8.6985,11.5702,7.6368,4.8187,4.4923,3.5373,3.3096,0.6332,0.789,1.4197,0.7931,0.3064,0.1596,0.6509,0.1431,0.5022,0.0563,0.0297,0.309
trt_134B_T1,8.053,0.3753,4.9838,0.0397,0.4819,1.3922,3.21,6.3811,9.4439,5.5227,3.0637,4.1034,2.3676,2.1366,0.3921,0.6351,1.1297,0.6984,0.254,0.2105,0.5978,0.1053,0.4402,0.061,0.0225,0.3163,7.998,0.295,4.8154,0.0707,0.619,1.1269,3.159,6.8074,9.6943,6.0435,3.5077,3.1686,2.1967,2.0463,0.4234,0.6219,1.1894,0.8176,0.2354,0.199,0.6102,0.149,0.4564,0.0565,0.0238,0.307
trt_135B_T1,9.7171,0.3943,6.0948,0.0477,0.5769,1.712,3.76,8.1999,13.1775,7.8747,4.2561,5.3937,2.9847,2.6514,0.4769,0.6423,1.4596,0.8844,0.3065,0.1965,0.7736,0.1436,0.5896,0.0782,0.0268,0.4158,9.734,0.4654,5.9107,0.0858,0.6455,1.4519,3.789,9.219,12.9495,8.0938,4.8357,4.2647,2.9325,2.4903,0.5034,0.6668,1.5156,0.9627,0.28,0.2089,0.7354,0.185,0.5262,0.0818,0.0333,0.3493
trt_136A_T1,10.1864,0.2758,5.4618,0.0691,0.7235,2.0956,4.361,8.6385,13.2107,8.0344,4.2542,5.3295,2.5847,2.3106,0.5044,0.8104,1.5284,0.815,0.3087,0.1913,0.7146,0.1201,0.5498,0.056,0.0289,0.3617,10.3534,0.2443,5.5335,0.1125,0.8023,1.6338,4.1367,9.9724,12.6986,8.2508,4.5091,3.8065,2.7059,2.4756,0.513,0.8145,1.506,0.8666,0.2805,0.2105,0.709,0.1672,0.5197,0.084,0.0253,0.3126
trt_137B_T1,9.5914,0.4571,5.1329,0.0645,0.652,1.7402,3.4913,7.1624,10.7605,7.1717,4.1025,5.3601,3.3107,2.9466,0.5128,0.7045,1.1925,0.754,0.2496,0.1748,0.6319,0.1137,0.4769,0.0619,0.0226,0.3277,9.5647,0.4579,5.1268,0.0971,0.7587,1.4817,3.3113,7.6915,10.1438,7.3142,4.2855,4.2098,3.0463,2.6934,0.5266,0.7202,1.1933,0.7965,0.24,0.1928,0.6445,0.1526,0.4586,0.0569,0.0263,0.2945
trt_138A_T1,8.9343,0.258,5.2137,0.0524,0.7375,1.779,3.7709,8.3349,13.1277,7.866,4.0083,5.4901,3.3491,2.6691,0.5454,0.7597,1.2798,0.653,0.2832,0.2361,0.5329,0.0734,0.4343,0.0407,0.0242,0.2946,9.0583,0.3399,5.2946,0.0992,0.8643,1.6139,3.6653,8.759,11.8965,8.1635,4.551,4.2539,2.9106,2.4607,0.5187,0.7977,1.1532,0.7244,0.2556,0.1456,0.5683,0.1071,0.4291,0.0464,0.0299,0.2531
trt_139A_T1,9.9374,0.4615,5.4618,0.0495,0.6066,1.7126,3.4463,7.2215,11.208,6.7014,3.1462,4.7079,3.1169,3.0676,0.4543,0.9782,1.3164,0.7578,0.2839,0.1893,0.6887,0.1092,0.511,0.0635,0.0115,0.3355,10.0182,0.4291,5.3975,0.0881,0.6758,1.5726,3.4156,7.9093,11.3483,7.7037,3.62,3.3704,2.8617,2.8769,0.4906,0.9497,1.1632,0.804,0.261,0.2052,0.6807,0.1648,0.475,0.0692,0.0315,0.2887
